Número factura,Cliente,Código,Fecha,Vencimiento,Nombre,RFC,Calle,Colonia,Localidad,Estado,CP,País,Centro,Importe,Retención,Descuento,Base imponible,Importe IVA,Importe retención,Total,Cobrado,Forma de pago
506594,Dental Studio,6901,28/05/2026,05/06/2026,Dental Studio,-,Calle Emiliano Zapata 7974-3,Zona Centro,Tijuana,Baja California,22000,México,-,150.0,0.0,0.0,150.0,0.0,-0.0,150.0,150.0,
0660,Clinica Dental Integral,4505,28/05/2026,05/06/2026,Clinica Dental Integral,-,Blvrd Gral Rodolfo Sánchez Taboada 1600-Int. 16,Zona Urbana Rio Tijuana,Tijuana,Baja California,22010,México,-,80.0,0.0,0.0,80.0,0.0,-0.0,80.0,0.0,
0659,Clinica Dental Tijuana,2112,28/05/2026,05/06/2026,Clinica Dental Tijuana,-,Calle Emiliano Zapata 8042,Zona Centro,Tijuana,Baja California,22000,México,-,150.0,0.0,0.0,150.0,12.0,-0.0,162.0,162.0,
0658,Orion Dental,8832,28/05/2026,05/06/2026,Orion Dental,-,Calle Emiliano Zapata 7727-int 5,Zona Centro,Tijuana,Baja California,22000,México,-,75.0,0.0,0.0,75.0,0.0,-0.0,75.0,75.0,
R-00049,Zenzao Smile Studio,800,28/05/2026,28/05/2026,Zenzao Smile Studio,-,Blvd. Alberto Limón Padilla #19058,Nueva Tijuana,Tijuana,Baja California,22444,México,-,75.0,0.0,0.0,75.0,0.0,-0.0,75.0,75.0,
R-00048,Zenzao Smile Studio,800,28/05/2026,28/05/2026,Zenzao Smile Studio,-,Blvd. Alberto Limón Padilla #19058,Nueva Tijuana,Tijuana,Baja California,22444,México,-,75.0,0.0,0.0,75.0,0.0,-0.0,75.0,75.0,
R-00047,Zenzao Smile Studio,800,28/05/2026,28/05/2026,Zenzao Smile Studio,-,Blvd. Alberto Limón Padilla #19058,Nueva Tijuana,Tijuana,Baja California,22444,México,-,50.0,0.0,0.0,50.0,0.0,-0.0,50.0,50.0,
506595,Dental Studio,6901,27/05/2026,05/06/2026,Dental Studio,-,Calle Emiliano Zapata 7974-3,Zona Centro,Tijuana,Baja California,22000,México,-,225.0,0.0,0.0,225.0,0.0,-0.0,225.0,225.0,
926095,Clinica Dental Integral,4505,25/05/2026,29/05/2026,Clinica Dental Integral,-,Blvrd Gral Rodolfo Sánchez Taboada 1600-Int. 16,Zona Urbana Rio Tijuana,Tijuana,Baja California,22010,México,-,470.0,0.0,0.0,470.0,0.0,-0.0,470.0,470.0,
926094,Hola Dental,1931,25/05/2026,29/05/2026,Hola Dental,-,Blvd. Cucapah 21808-interior A,Lomas del Matamoros,Tijuana,Baja California,22206,México,-,85.0,0.0,0.0,85.0,0.0,-0.0,85.0,0.0,
926092,Clinica Dental Tijuana,2112,25/05/2026,29/05/2026,Clinica Dental Tijuana,-,Calle Emiliano Zapata 8042,Zona Centro,Tijuana,Baja California,22000,México,-,240.0,0.0,0.0,240.0,19.2,-0.0,259.2,259.2,
926091,Clinica Dental Tijuana,2112,25/05/2026,29/05/2026,Clinica Dental Tijuana,-,Calle Emiliano Zapata 8042,Zona Centro,Tijuana,Baja California,22000,México,-,80.0,0.0,0.0,80.0,6.4,-0.0,86.4,86.4,
926089,Horizon Dental Group,3297,25/05/2026,29/05/2026,Horizon Dental Group,-,C. Carrillo Puerto 1536-interior 203,Zona Centro,Tijuana,Baja California,22000,México,-,85.0,0.0,0.0,85.0,0.0,-0.0,85.0,85.0,
926088,Horizon Dental Group,3297,25/05/2026,29/05/2026,Horizon Dental Group,-,C. Carrillo Puerto 1536-interior 203,Zona Centro,Tijuana,Baja California,22000,México,-,85.0,0.0,0.0,85.0,0.0,-0.0,85.0,85.0,
926087,Dental Angel Smile,7399,25/05/2026,29/05/2026,Dental Angel Smile,-,Av Constitución 1284,Zona Centro,Tijuana,Baja California,22000,México,-,90.0,0.0,0.0,90.0,0.0,-0.0,90.0,90.0,
926062,Clinica Dental Paleo,6153,25/05/2026,"",Clinica Dental Paleo,-,Flores Magon 1225,Zona Centro,Tijuana,Baja California,22000,México,-,420.0,0.0,0.0,420.0,0.0,-0.0,420.0,420.0,
926072,Dental Studio,6901,22/05/2026,"",Dental Studio,-,Calle Emiliano Zapata 7974-3,Zona Centro,Tijuana,Baja California,22000,México,-,255.0,0.0,0.0,255.0,0.0,-0.0,255.0,255.0,
926086,Clinica Dental Tijuana,2112,18/05/2026,22/05/2026,Clinica Dental Tijuana,-,Calle Emiliano Zapata 8042,Zona Centro,Tijuana,Baja California,22000,México,-,75.0,0.0,0.0,75.0,6.0,-0.0,81.0,81.0,
926085,Clinica Dental Tijuana,2112,18/05/2026,22/05/2026,Clinica Dental Tijuana,-,Calle Emiliano Zapata 8042,Zona Centro,Tijuana,Baja California,22000,México,-,75.0,0.0,0.0,75.0,6.0,-0.0,81.0,0.0,
926083,Regenerando Sonrisas,803,18/05/2026,22/05/2026,Regenerando Sonrisas,-,Alamo 19-Local 3,Libertad,Tijuana,Baja California,22400,México,-,75.0,0.0,0.0,75.0,0.0,-0.0,75.0,0.0,
926082,Horizon Dental Group,3297,18/05/2026,22/05/2026,Horizon Dental Group,-,C. Carrillo Puerto 1536-interior 203,Zona Centro,Tijuana,Baja California,22000,México,-,80.0,0.0,0.0,80.0,0.0,-0.0,80.0,80.0,
926081,Clinica Dental Tijuana,2112,18/05/2026,22/05/2026,Clinica Dental Tijuana,-,Calle Emiliano Zapata 8042,Zona Centro,Tijuana,Baja California,22000,México,-,150.0,0.0,0.0,150.0,12.0,-0.0,162.0,162.0,
926079,Clinica Dental Tijuana,2112,18/05/2026,22/05/2026,Clinica Dental Tijuana,-,Calle Emiliano Zapata 8042,Zona Centro,Tijuana,Baja California,22000,México,-,75.0,0.0,0.0,75.0,6.0,-0.0,81.0,81.0,
926078,Clinica Dental Tijuana,2112,18/05/2026,22/05/2026,Clinica Dental Tijuana,-,Calle Emiliano Zapata 8042,Zona Centro,Tijuana,Baja California,22000,México,-,150.0,0.0,0.0,150.0,12.0,-0.0,162.0,162.0,
926077,Clinica Dental Tijuana,2112,18/05/2026,22/05/2026,Clinica Dental Tijuana,-,Calle Emiliano Zapata 8042,Zona Centro,Tijuana,Baja California,22000,México,-,75.0,0.0,0.0,75.0,6.0,-0.0,81.0,81.0,
926076,Maxilo Dental,6152,14/05/2026,22/05/2026,Maxilo Dental,-,Fray Servando Teresa de Mier 1351-206,Zona Urbana Rio Tijuana,Tijuana,Baja California,22010,México,-,1080.0,0.0,0.0,1080.0,86.4,-0.0,1166.4,1166.4,
926074,Maxilo Dental,6152,14/05/2026,22/05/2026,Maxilo Dental,-,Fray Servando Teresa de Mier 1351-206,Zona Urbana Rio Tijuana,Tijuana,Baja California,22010,México,-,300.0,0.0,0.0,300.0,24.0,-0.0,324.0,324.0,
926073,Clinica Dental Tijuana,2112,14/05/2026,22/05/2026,Clinica Dental Tijuana,-,Calle Emiliano Zapata 8042,Zona Centro,Tijuana,Baja California,22000,México,-,375.0,0.0,0.0,375.0,30.0,-0.0,405.0,405.0,
926071,Hola Dental,1931,14/05/2026,22/05/2026,Hola Dental,-,Blvd. Cucapah 21808-interior A,Lomas del Matamoros,Tijuana,Baja California,22206,México,-,85.0,0.0,0.0,85.0,0.0,-0.0,85.0,85.0,
926070,Horizon Dental Group,3297,14/05/2026,22/05/2026,Horizon Dental Group,-,C. Carrillo Puerto 1536-interior 203,Zona Centro,Tijuana,Baja California,22000,México,-,85.0,0.0,0.0,85.0,0.0,-0.0,85.0,85.0,
926069,Clinica Dental Coronel,2795,14/05/2026,22/05/2026,Dr. Luis Bojorquez,-,Fray Servando Teresa de Mier 23,Zona Urbana Rio Tijuana,Tijuana,Baja California,22010,México,-,100.0,0.0,0.0,100.0,0.0,-0.0,100.0,100.0,
087958211825-5065906,Clinica Dental Integral,4505,13/05/2026,15/05/2026,Clinica Dental Integral,-,Blvrd Gral Rodolfo Sánchez Taboada 1600-Int. 16,Zona Urbana Rio Tijuana,Tijuana,Baja California,22010,México,-,95.0,0.0,0.0,95.0,0.0,-0.0,95.0,95.0,
926068,Zenzao Smile Studio,800,09/05/2026,15/05/2026,Zenzao Smile Studio,-,Blvd. Alberto Limón Padilla #19058,Nueva Tijuana,Tijuana,Baja California,22444,México,-,75.0,0.0,0.0,75.0,0.0,-0.0,75.0,75.0,
926066,Maxilo Dental,6152,09/05/2026,15/05/2026,Maxilo Dental,-,Fray Servando Teresa de Mier 1351-206,Zona Urbana Rio Tijuana,Tijuana,Baja California,22010,México,-,85.0,0.0,0.0,85.0,0.0,-0.0,85.0,85.0,
926065,Maxilo Dental,6152,09/05/2026,15/05/2026,Maxilo Dental,-,Fray Servando Teresa de Mier 1351-206,Zona Urbana Rio Tijuana,Tijuana,Baja California,22010,México,-,150.0,0.0,0.0,150.0,0.0,-0.0,150.0,150.0,
926064,Clinica Dental Tijuana,2112,09/05/2026,15/05/2026,Clinica Dental Tijuana,-,Calle Emiliano Zapata 8042,Zona Centro,Tijuana,Baja California,22000,México,-,75.0,0.0,0.0,75.0,6.0,-0.0,81.0,81.0,
926063,Clinica Dental Tijuana,2112,09/05/2026,15/05/2026,Clinica Dental Tijuana,-,Calle Emiliano Zapata 8042,Zona Centro,Tijuana,Baja California,22000,México,-,75.0,0.0,0.0,75.0,6.0,-0.0,81.0,81.0,
926061,Clinica Dental Integral,4505,05/05/2026,15/05/2026,Clinica Dental Integral,-,Blvrd Gral Rodolfo Sánchez Taboada 1600-Int. 16,Zona Urbana Rio Tijuana,Tijuana,Baja California,22010,México,-,75.0,0.0,0.0,75.0,0.0,-0.0,75.0,75.0,
926059,Dental Studio,6901,05/05/2026,15/05/2026,Dental Studio,-,Calle Emiliano Zapata 7974-3,Zona Centro,Tijuana,Baja California,22000,México,-,95.0,0.0,0.0,95.0,0.0,-0.0,95.0,95.0,
926058,Clinica Dental Coronel,2795,05/05/2026,15/05/2026,Dr. Luis Bojorquez,-,Fray Servando Teresa de Mier 23,Zona Urbana Rio Tijuana,Tijuana,Baja California,22010,México,-,25.0,0.0,0.0,25.0,0.0,-0.0,25.0,0.0,
926057,Maxilo Dental,6152,05/05/2026,15/05/2026,Maxilo Dental,-,Fray Servando Teresa de Mier 1351-206,Zona Urbana Rio Tijuana,Tijuana,Baja California,22010,México,-,80.0,0.0,0.0,80.0,0.0,-0.0,80.0,80.0,
926056,Clinica Dental Tijuana,2112,30/04/2026,08/05/2026,Clinica Dental Tijuana,-,Calle Emiliano Zapata 8042,Zona Centro,Tijuana,Baja California,22000,México,-,390.0,0.0,0.0,390.0,31.2,-0.0,421.2,421.2,
926055,Clinica Dental Integral,4505,30/04/2026,08/05/2026,Clinica Dental Integral,-,Blvrd Gral Rodolfo Sánchez Taboada 1600-Int. 16,Zona Urbana Rio Tijuana,Tijuana,Baja California,22010,México,-,50.0,0.0,0.0,50.0,0.0,-0.0,50.0,50.0,
926054,Dental Angel Smile,7399,30/04/2026,08/05/2026,Dental Angel Smile,-,Av Constitución 1284,Zona Centro,Tijuana,Baja California,22000,México,-,170.0,0.0,0.0,170.0,0.0,-0.0,170.0,170.0,
926053,Clinica Dental Tijuana,2112,30/04/2026,08/05/2026,Clinica Dental Tijuana,-,Calle Emiliano Zapata 8042,Zona Centro,Tijuana,Baja California,22000,México,-,75.0,0.0,0.0,75.0,6.0,-0.0,81.0,81.0,
926052,Clinica Dental Tijuana,2112,30/04/2026,08/05/2026,Clinica Dental Tijuana,-,Calle Emiliano Zapata 8042,Zona Centro,Tijuana,Baja California,22000,México,-,75.0,0.0,0.0,75.0,6.0,-0.0,81.0,81.0,
926051,Clinica Dental Tijuana,2112,30/04/2026,08/05/2026,Clinica Dental Tijuana,-,Calle Emiliano Zapata 8042,Zona Centro,Tijuana,Baja California,22000,México,-,75.0,0.0,0.0,75.0,6.0,-0.0,81.0,81.0,
926047,Orion Dental,8832,30/04/2026,01/05/2026,Orion Dental,-,Calle Emiliano Zapata 7727-int 5,Zona Centro,Tijuana,Baja California,22000,México,-,85.0,0.0,0.0,85.0,0.0,-0.0,85.0,85.0,
926046,Dr. Carlos Peralta,9093,30/04/2026,01/05/2026,Dr. Carlos Peralta,-,Xochitl 2126,Morelos,Tijuana,Baja California,22056,México,-,210.0,0.0,0.0,210.0,0.0,-0.0,210.0,210.0,
926050,Clinica Dental Integral,4505,25/04/2026,01/05/2026,Clinica Dental Integral,-,Blvrd Gral Rodolfo Sánchez Taboada 1600-Int. 16,Zona Urbana Rio Tijuana,Tijuana,Baja California,22010,México,-,150.0,0.0,0.0,150.0,0.0,-0.0,150.0,150.0,
926049,Clinica Dental Integral,4505,25/04/2026,01/05/2026,Clinica Dental Integral,-,Blvrd Gral Rodolfo Sánchez Taboada 1600-Int. 16,Zona Urbana Rio Tijuana,Tijuana,Baja California,22010,México,-,150.0,0.0,0.0,150.0,0.0,-0.0,150.0,150.0,
926048,Maxilo Dental,6152,25/04/2026,01/05/2026,Maxilo Dental,-,Fray Servando Teresa de Mier 1351-206,Zona Urbana Rio Tijuana,Tijuana,Baja California,22010,México,-,240.0,0.0,0.0,240.0,0.0,-0.0,240.0,240.0,
926045,Maxilo Dental,6152,22/04/2026,01/05/2026,Maxilo Dental,-,Fray Servando Teresa de Mier 1351-206,Zona Urbana Rio Tijuana,Tijuana,Baja California,22010,México,-,85.0,0.0,0.0,85.0,0.0,-0.0,85.0,85.0,
926044,Clinica Dental Tijuana,2112,22/04/2026,01/05/2026,Clinica Dental Tijuana,-,Calle Emiliano Zapata 8042,Zona Centro,Tijuana,Baja California,22000,México,-,150.0,0.0,0.0,150.0,12.0,-0.0,162.0,162.0,
926043,Maxilo Dental,6152,22/04/2026,01/05/2026,Maxilo Dental,-,Fray Servando Teresa de Mier 1351-206,Zona Urbana Rio Tijuana,Tijuana,Baja California,22010,México,-,85.0,0.0,0.0,85.0,0.0,-0.0,85.0,85.0,
926042,Clinica Dental Coronel,2795,22/04/2026,01/05/2026,Dr. Luis Bojorquez,-,Fray Servando Teresa de Mier 23,Zona Urbana Rio Tijuana,Tijuana,Baja California,22010,México,-,170.0,0.0,0.0,170.0,0.0,-0.0,170.0,170.0,
926041,Regenerando Sonrisas,803,22/04/2026,01/05/2026,Regenerando Sonrisas,-,Alamo 19-Local 3,Libertad,Tijuana,Baja California,22400,México,-,75.0,0.0,0.0,75.0,0.0,-0.0,75.0,75.0,
926040,Regenerando Sonrisas,803,22/04/2026,01/05/2026,Regenerando Sonrisas,-,Alamo 19-Local 3,Libertad,Tijuana,Baja California,22400,México,-,85.0,0.0,0.0,85.0,0.0,-0.0,85.0,85.0,
926039,Hola Dental,1931,22/04/2026,01/05/2026,Hola Dental,-,Blvd. Cucapah 21808-interior A,Lomas del Matamoros,Tijuana,Baja California,22206,México,-,85.0,0.0,0.0,85.0,0.0,-0.0,85.0,85.0,
926038,Clinica Dental Coronel,2795,22/04/2026,01/05/2026,Dr. Luis Bojorquez,-,Fray Servando Teresa de Mier 23,Zona Urbana Rio Tijuana,Tijuana,Baja California,22010,México,-,75.0,0.0,0.0,75.0,0.0,-0.0,75.0,75.0,
926037,Clinica Dental Tijuana,2112,22/04/2026,01/05/2026,Clinica Dental Tijuana,-,Calle Emiliano Zapata 8042,Zona Centro,Tijuana,Baja California,22000,México,-,75.0,0.0,0.0,75.0,6.0,-0.0,81.0,81.0,
926036,Zenzao Smile Studio,800,20/04/2026,01/05/2026,Zenzao Smile Studio,-,Blvd. Alberto Limón Padilla #19058,Nueva Tijuana,Tijuana,Baja California,22444,México,-,80.0,0.0,0.0,80.0,0.0,-0.0,80.0,80.0,
926035,Zenzao Smile Studio,800,20/04/2026,01/05/2026,Zenzao Smile Studio,-,Blvd. Alberto Limón Padilla #19058,Nueva Tijuana,Tijuana,Baja California,22444,México,-,75.0,0.0,0.0,75.0,0.0,-0.0,75.0,75.0,
926034,Clinica Dental Integral,4505,20/04/2026,01/05/2026,Clinica Dental Integral,-,Blvrd Gral Rodolfo Sánchez Taboada 1600-Int. 16,Zona Urbana Rio Tijuana,Tijuana,Baja California,22010,México,-,75.0,0.0,0.0,75.0,0.0,-0.0,75.0,75.0,
926033,Clinica Dental Integral,4505,20/04/2026,01/05/2026,Clinica Dental Integral,-,Blvrd Gral Rodolfo Sánchez Taboada 1600-Int. 16,Zona Urbana Rio Tijuana,Tijuana,Baja California,22010,México,-,85.0,0.0,0.0,85.0,0.0,-0.0,85.0,85.0,
926032,Clinica Dental Tijuana,2112,20/04/2026,24/04/2026,Clinica Dental Tijuana,-,Calle Emiliano Zapata 8042,Zona Centro,Tijuana,Baja California,22000,México,-,75.0,0.0,0.0,75.0,6.0,-0.0,81.0,81.0,
926031,Dental Studio,6901,20/04/2026,24/04/2026,Dental Studio,-,Calle Emiliano Zapata 7974-3,Zona Centro,Tijuana,Baja California,22000,México,-,75.0,0.0,0.0,75.0,0.0,-0.0,75.0,75.0,
926030,Clinica Dental Integral,4505,20/04/2026,24/04/2026,Clinica Dental Integral,-,Blvrd Gral Rodolfo Sánchez Taboada 1600-Int. 16,Zona Urbana Rio Tijuana,Tijuana,Baja California,22010,México,-,75.0,0.0,0.0,75.0,0.0,-0.0,75.0,75.0,
087958211825-5065905,Clinica Dental Integral,4505,17/04/2026,24/04/2026,Clinica Dental Integral,-,Blvrd Gral Rodolfo Sánchez Taboada 1600-Int. 16,Zona Urbana Rio Tijuana,Tijuana,Baja California,22010,México,-,300.0,0.0,0.0,300.0,0.0,-0.0,300.0,300.0,
087958211825-5065904,Clinica Dental Coronel,2795,17/04/2026,24/04/2026,Dr. Luis Bojorquez,-,Fray Servando Teresa de Mier 23,Zona Urbana Rio Tijuana,Tijuana,Baja California,22010,México,-,85.0,0.0,0.0,85.0,0.0,-0.0,85.0,85.0,
087958211825-5065903,Zenzao Smile Studio,800,17/04/2026,24/04/2026,Zenzao Smile Studio,-,Blvd. Alberto Limón Padilla #19058,Nueva Tijuana,Tijuana,Baja California,22444,México,-,80.0,0.0,0.0,80.0,0.0,-0.0,80.0,80.0,
087958211825-5065902,Maxilo Dental,6152,17/04/2026,24/04/2026,Maxilo Dental,-,Fray Servando Teresa de Mier 1351-206,Zona Urbana Rio Tijuana,Tijuana,Baja California,22010,México,-,90.0,0.0,0.0,90.0,0.0,-0.0,90.0,90.0,
087958211825-5065901,Clinica Dental Integral,4505,15/04/2026,24/04/2026,Clinica Dental Integral,-,Blvrd Gral Rodolfo Sánchez Taboada 1600-Int. 16,Zona Urbana Rio Tijuana,Tijuana,Baja California,22010,México,-,75.0,0.0,0.0,75.0,0.0,-0.0,75.0,75.0,
087958211825-5065900,Zenzao Smile Studio,800,15/04/2026,24/04/2026,Zenzao Smile Studio,-,Blvd. Alberto Limón Padilla #19058,Nueva Tijuana,Tijuana,Baja California,22444,México,-,60.0,0.0,0.0,60.0,0.0,-0.0,60.0,60.0,
087958211825-5065899,Zenzao Smile Studio,800,15/04/2026,24/04/2026,Zenzao Smile Studio,-,Blvd. Alberto Limón Padilla #19058,Nueva Tijuana,Tijuana,Baja California,22444,México,-,75.0,0.0,0.0,75.0,0.0,-0.0,75.0,75.0,
087958211825-5065898,Clinica Dental Integral,4505,15/04/2026,24/04/2026,Clinica Dental Integral,-,Blvrd Gral Rodolfo Sánchez Taboada 1600-Int. 16,Zona Urbana Rio Tijuana,Tijuana,Baja California,22010,México,-,75.0,0.0,0.0,75.0,0.0,-0.0,75.0,75.0,
087958211825-5065897,Clinica Dental Tijuana,2112,15/04/2026,24/04/2026,Clinica Dental Tijuana,-,Calle Emiliano Zapata 8042,Zona Centro,Tijuana,Baja California,22000,México,-,75.0,0.0,0.0,75.0,6.0,-0.0,81.0,81.0,
087958211825-5065896,Regenerando Sonrisas,803,13/04/2026,17/04/2026,Regenerando Sonrisas,-,Alamo 19-Local 3,Libertad,Tijuana,Baja California,22400,México,-,170.0,0.0,0.0,170.0,0.0,-0.0,170.0,170.0,
087958211825-5065895,Clinica Dental Integral,4505,12/04/2026,17/04/2026,Clinica Dental Integral,-,Blvrd Gral Rodolfo Sánchez Taboada 1600-Int. 16,Zona Urbana Rio Tijuana,Tijuana,Baja California,22010,México,-,160.0,0.0,0.0,160.0,0.0,-0.0,160.0,160.0,
087958211825-5065894,Clinica Dental Tijuana,2112,12/04/2026,17/04/2026,Clinica Dental Tijuana,-,Calle Emiliano Zapata 8042,Zona Centro,Tijuana,Baja California,22000,México,-,75.0,0.0,0.0,75.0,6.0,-0.0,81.0,81.0,
087958211825-5065893,Dental Angel Smile,7399,12/04/2026,18/04/2026,Dental Angel Smile,-,Av Constitución 1284,Zona Centro,Tijuana,Baja California,22000,México,-,85.0,0.0,0.0,85.0,0.0,-0.0,85.0,85.0,
087958211825-5065892,Superdental,1882,12/04/2026,18/04/2026,Superdental,-,Blvd. Agua Caliente 11988-Local 1,Agua Caliente,Tijuana,Baja California,22420,México,-,60.0,0.0,0.0,60.0,0.0,-0.0,60.0,60.0,
087958211825-5065891,Horizon Dental Group,3297,11/04/2026,17/04/2026,Horizon Dental Group,-,C. Carrillo Puerto 1536-interior 203,Zona Centro,Tijuana,Baja California,22000,México,-,85.0,0.0,0.0,85.0,0.0,-0.0,85.0,85.0,
888167,Clinica Dental Coronel,2795,10/04/2026,17/04/2026,Dr. Luis Bojorquez,-,Fray Servando Teresa de Mier 23,Zona Urbana Rio Tijuana,Tijuana,Baja California,22010,México,-,90.0,0.0,0.0,90.0,0.0,-0.0,90.0,90.0,
888166,Clinica Dental Coronel,2795,10/04/2026,17/04/2026,Dr. Luis Bojorquez,-,Fray Servando Teresa de Mier 23,Zona Urbana Rio Tijuana,Tijuana,Baja California,22010,México,-,680.0,0.0,0.0,680.0,0.0,-0.0,680.0,680.0,
888165,Clinica Dental Integral,4505,10/04/2026,17/04/2026,Clinica Dental Integral,-,Blvrd Gral Rodolfo Sánchez Taboada 1600-Int. 16,Zona Urbana Rio Tijuana,Tijuana,Baja California,22010,México,-,150.0,0.0,0.0,150.0,0.0,-0.0,150.0,150.0,
087958211825-506898,Maxilo Dental,6152,08/04/2026,17/04/2026,Maxilo Dental,-,Fray Servando Teresa de Mier 1351-206,Zona Urbana Rio Tijuana,Tijuana,Baja California,22010,México,-,85.0,0.0,0.0,85.0,0.0,-0.0,85.0,85.0,
087958211825-506600,Clinica Dental Tijuana,2112,08/04/2026,17/04/2026,Clinica Dental Tijuana,-,Calle Emiliano Zapata 8042,Zona Centro,Tijuana,Baja California,22000,México,-,75.0,0.0,0.0,75.0,6.0,-0.0,81.0,81.0,
087958211825-506599,Maxilo Dental,6152,08/04/2026,17/04/2026,Maxilo Dental,-,Fray Servando Teresa de Mier 1351-206,Zona Urbana Rio Tijuana,Tijuana,Baja California,22010,México,-,90.0,0.0,0.0,90.0,0.0,-0.0,90.0,90.0,
087958211825-506597,Dental Studio,6901,08/04/2026,17/04/2026,Dental Studio,-,Calle Emiliano Zapata 7974-3,Zona Centro,Tijuana,Baja California,22000,México,-,85.0,0.0,0.0,85.0,0.0,-0.0,85.0,85.0,
087958211825-506593,Hola Dental,1931,08/04/2026,17/04/2026,Hola Dental,-,Blvd. Cucapah 21808-interior A,Lomas del Matamoros,Tijuana,Baja California,22206,México,-,90.0,0.0,0.0,90.0,0.0,-0.0,90.0,90.0,
087958211825-506592,Hola Dental,1931,08/04/2026,17/04/2026,Hola Dental,-,Blvd. Cucapah 21808-interior A,Lomas del Matamoros,Tijuana,Baja California,22206,México,-,85.0,0.0,0.0,85.0,0.0,-0.0,85.0,85.0,
087958211825-506591,Clinica Dental Tijuana,2112,06/04/2026,17/04/2026,Clinica Dental Tijuana,-,Calle Emiliano Zapata 8042,Zona Centro,Tijuana,Baja California,22000,México,-,150.0,0.0,0.0,150.0,12.0,-0.0,162.0,162.0,
087958211825-5065890,Clinica Dental Tijuana,2112,06/04/2026,17/04/2026,Clinica Dental Tijuana,-,Calle Emiliano Zapata 8042,Zona Centro,Tijuana,Baja California,22000,México,-,150.0,0.0,0.0,150.0,12.0,-0.0,162.0,162.0,
087958211825-506589,Clinica Dental Tijuana,2112,06/04/2026,17/04/2026,Clinica Dental Tijuana,-,Calle Emiliano Zapata 8042,Zona Centro,Tijuana,Baja California,22000,México,-,75.0,0.0,0.0,75.0,6.0,-0.0,81.0,81.0,
087958211825-506588,Clinica Dental Tijuana,2112,06/04/2026,17/04/2026,Clinica Dental Tijuana,-,Calle Emiliano Zapata 8042,Zona Centro,Tijuana,Baja California,22000,México,-,75.0,0.0,0.0,75.0,6.0,-0.0,81.0,81.0,
087958211825-506587,Zenzao Smile Studio,800,06/04/2026,17/04/2026,Zenzao Smile Studio,-,Blvd. Alberto Limón Padilla #19058,Nueva Tijuana,Tijuana,Baja California,22444,México,-,160.0,0.0,0.0,160.0,0.0,-0.0,160.0,160.0,
087958211825-5065878,Clinica Dental Tijuana,2112,04/04/2026,10/04/2026,Clinica Dental Tijuana,-,Calle Emiliano Zapata 8042,Zona Centro,Tijuana,Baja California,22000,México,-,75.0,0.0,0.0,75.0,6.0,-0.0,81.0,81.0,
087958211825-5065877,Clinica Dental Tijuana,2112,04/04/2026,10/04/2026,Clinica Dental Tijuana,-,Calle Emiliano Zapata 8042,Zona Centro,Tijuana,Baja California,22000,México,-,300.0,0.0,0.0,300.0,24.0,-0.0,324.0,324.0,
087958211825-506586,Clinica Dental Tijuana,2112,03/04/2026,10/04/2026,Clinica Dental Tijuana,-,Calle Emiliano Zapata 8042,Zona Centro,Tijuana,Baja California,22000,México,-,75.0,0.0,0.0,75.0,6.0,-0.0,81.0,81.0,
087958211825-506582,Clinica Dental Integral,4505,02/04/2026,10/04/2026,Clinica Dental Integral,-,Blvrd Gral Rodolfo Sánchez Taboada 1600-Int. 16,Zona Urbana Rio Tijuana,Tijuana,Baja California,22010,México,-,240.0,0.0,0.0,240.0,19.2,-0.0,259.2,259.2,
087958211825-506580,Clinica Dental Integral,4505,02/04/2026,10/04/2026,Clinica Dental Integral,-,Blvrd Gral Rodolfo Sánchez Taboada 1600-Int. 16,Zona Urbana Rio Tijuana,Tijuana,Baja California,22010,México,-,75.0,0.0,0.0,75.0,6.0,-0.0,81.0,81.0,
087958211825-506579,Clinica Dental Integral,4505,02/04/2026,10/04/2026,Clinica Dental Integral,-,Blvrd Gral Rodolfo Sánchez Taboada 1600-Int. 16,Zona Urbana Rio Tijuana,Tijuana,Baja California,22010,México,-,75.0,0.0,0.0,75.0,6.0,-0.0,81.0,81.0,
087958211825-506575,Clinica Dental Tijuana,2112,28/03/2026,03/04/2026,Clinica Dental Tijuana,-,Calle Emiliano Zapata 8042,Zona Centro,Tijuana,Baja California,22000,México,-,215.0,0.0,0.0,215.0,17.2,-0.0,232.2,232.2,
087958211825-506574,Zenzao Smile Studio,800,28/03/2026,03/04/2026,Zenzao Smile Studio,-,Blvd. Alberto Limón Padilla #19058,Nueva Tijuana,Tijuana,Baja California,22444,México,-,160.0,0.0,0.0,160.0,0.0,-0.0,160.0,160.0,
R-00046,GDIA,9999,28/03/2026,"",GDIA,-,Diaz Miron 7585,Zona Centro,Tijuana,Baja California,22000,México,-,150.0,0.0,0.0,150.0,0.0,-0.0,150.0,0.0,
087958211825-506572,Dental Angel Smile,7399,27/03/2026,03/04/2026,Dental Angel Smile,-,Av Constitución 1284,Zona Centro,Tijuana,Baja California,22000,México,-,85.0,0.0,0.0,85.0,0.0,-0.0,85.0,85.0,
087958211825-506571,Superdental,1882,27/03/2026,03/04/2026,Superdental,-,Blvd. Agua Caliente 11988-Local 1,Agua Caliente,Tijuana,Baja California,22420,México,-,170.0,0.0,0.0,170.0,0.0,-0.0,170.0,170.0,
087958211825-506570,Clinica Dental Tijuana,2112,27/03/2026,03/04/2026,Clinica Dental Tijuana,-,Calle Emiliano Zapata 8042,Zona Centro,Tijuana,Baja California,22000,México,-,450.0,0.0,0.0,450.0,36.0,-0.0,486.0,486.0,
087958211825-506569,Regenerando Sonrisas,803,25/03/2026,03/04/2026,Regenerando Sonrisas,-,Alamo 19-Local 3,Libertad,Tijuana,Baja California,22400,México,-,75.0,0.0,0.0,75.0,0.0,-0.0,75.0,75.0,
087958211825-506568,Clinica Dental Integral,4505,25/03/2026,03/04/2026,Clinica Dental Integral,-,Blvrd Gral Rodolfo Sánchez Taboada 1600-Int. 16,Zona Urbana Rio Tijuana,Tijuana,Baja California,22010,México,-,240.0,0.0,0.0,240.0,19.2,-0.0,259.2,259.2,
087958211825-506567,Maxilo Dental,6152,25/03/2026,03/04/2026,Maxilo Dental,-,Fray Servando Teresa de Mier 1351-206,Zona Urbana Rio Tijuana,Tijuana,Baja California,22010,México,-,30.0,0.0,0.0,30.0,0.0,-0.0,30.0,30.0,
087958211825-506566,Maxilo Dental,6152,25/03/2026,03/04/2026,Maxilo Dental,-,Fray Servando Teresa de Mier 1351-206,Zona Urbana Rio Tijuana,Tijuana,Baja California,22010,México,-,90.0,0.0,0.0,90.0,0.0,-0.0,90.0,90.0,
087958211825-506565,Clinica Dental Tijuana,2112,21/03/2026,27/03/2026,Clinica Dental Tijuana,-,Calle Emiliano Zapata 8042,Zona Centro,Tijuana,Baja California,22000,México,-,150.0,0.0,0.0,150.0,12.0,-0.0,162.0,162.0,
087958211825-506564,Clinica Dental Tijuana,2112,21/03/2026,27/03/2026,Clinica Dental Tijuana,-,Calle Emiliano Zapata 8042,Zona Centro,Tijuana,Baja California,22000,México,-,75.0,0.0,0.0,75.0,6.0,-0.0,81.0,81.0,
087958211825-506563,Orion Dental,8832,21/03/2026,21/03/2026,Orion Dental,-,Calle Emiliano Zapata 7727-int 5,Zona Centro,Tijuana,Baja California,22000,México,-,90.0,0.0,0.0,90.0,0.0,-0.0,90.0,90.0,
R-00045,Clinica Dental Paleo,6153,21/03/2026,"",Clinica Dental Paleo,-,Flores Magon 1225,Zona Centro,Tijuana,Baja California,22000,México,-,150.0,0.0,0.0,150.0,0.0,-0.0,150.0,0.0,
R-00044,Clinica Dental Paleo,6153,21/03/2026,"",Clinica Dental Paleo,-,Flores Magon 1225,Zona Centro,Tijuana,Baja California,22000,México,-,500.0,0.0,0.0,500.0,0.0,-0.0,500.0,0.0,
087958211825-506562,Zenzao Smile Studio,800,20/03/2026,27/03/2026,Zenzao Smile Studio,-,Blvd. Alberto Limón Padilla #19058,Nueva Tijuana,Tijuana,Baja California,22444,México,-,75.0,0.0,0.0,75.0,0.0,-0.0,75.0,75.0,
087958211825-506561,Clinica Dental Tijuana,2112,20/03/2026,27/03/2026,Clinica Dental Tijuana,-,Calle Emiliano Zapata 8042,Zona Centro,Tijuana,Baja California,22000,México,-,1800.0,0.0,0.0,1800.0,144.0,-0.0,1944.0,1944.0,
087958211825-506560,Clinica Dental Tijuana,2112,20/03/2026,27/03/2026,Clinica Dental Tijuana,-,Calle Emiliano Zapata 8042,Zona Centro,Tijuana,Baja California,22000,México,-,75.0,0.0,0.0,75.0,6.0,-0.0,81.0,81.0,
087958211825-506559,Clinica Dental Tijuana,2112,20/03/2026,27/03/2026,Clinica Dental Tijuana,-,Calle Emiliano Zapata 8042,Zona Centro,Tijuana,Baja California,22000,México,-,75.0,0.0,0.0,75.0,6.0,-0.0,81.0,81.0,
087958211825-506558,Clinica Dental Tijuana,2112,20/03/2026,27/03/2026,Clinica Dental Tijuana,-,Calle Emiliano Zapata 8042,Zona Centro,Tijuana,Baja California,22000,México,-,80.0,0.0,0.0,80.0,6.4,-0.0,86.4,86.4,
087958211825-506557,Clinica Dental Tijuana,2112,20/03/2026,27/03/2026,Clinica Dental Tijuana,-,Calle Emiliano Zapata 8042,Zona Centro,Tijuana,Baja California,22000,México,-,80.0,0.0,0.0,80.0,6.4,-0.0,86.4,86.4,
087958211825-506556,Superdental,1882,19/03/2026,27/03/2026,Superdental,-,Blvd. Agua Caliente 11988-Local 1,Agua Caliente,Tijuana,Baja California,22420,México,-,85.0,0.0,0.0,85.0,0.0,-0.0,85.0,85.0,
087958211825-506554,Clinica Dental Integral,4505,14/03/2026,20/03/2026,Clinica Dental Integral,-,Blvrd Gral Rodolfo Sánchez Taboada 1600-Int. 16,Zona Urbana Rio Tijuana,Tijuana,Baja California,22010,México,-,160.0,0.0,0.0,160.0,12.8,-0.0,172.8,172.8,
087958211825-506553,Clinica Dental Integral,4505,14/03/2026,20/03/2026,Clinica Dental Integral,-,Blvrd Gral Rodolfo Sánchez Taboada 1600-Int. 16,Zona Urbana Rio Tijuana,Tijuana,Baja California,22010,México,-,75.0,0.0,0.0,75.0,6.0,-0.0,81.0,81.0,
087958211825-506552,Clinica Dental Coronel,2795,14/03/2026,20/03/2026,Dr. Luis Bojorquez,-,Fray Servando Teresa de Mier 23,Zona Urbana Rio Tijuana,Tijuana,Baja California,22010,México,-,1620.0,0.0,0.0,1620.0,0.0,-0.0,1620.0,1620.0,
087958211825-506551,Clinica Dental Tijuana,2112,13/03/2026,20/03/2026,Clinica Dental Tijuana,-,Calle Emiliano Zapata 8042,Zona Centro,Tijuana,Baja California,22000,México,-,90.0,0.0,0.0,90.0,7.2,-0.0,97.2,97.2,
087958211825-506550,Dental Studio,6901,12/03/2026,20/03/2026,Dental Studio,-,Calle Emiliano Zapata 7974-3,Zona Centro,Tijuana,Baja California,22000,México,-,75.0,0.0,0.0,75.0,6.0,-0.0,81.0,81.0,
087958211825-506549,Superdental,1882,12/03/2026,20/03/2026,Superdental,-,Blvd. Agua Caliente 11988-Local 1,Agua Caliente,Tijuana,Baja California,22420,México,-,75.0,0.0,0.0,75.0,0.0,-0.0,75.0,75.0,
087958211825-506548,Clinica Dental Integral,4505,10/03/2026,20/03/2026,Clinica Dental Integral,-,Blvrd Gral Rodolfo Sánchez Taboada 1600-Int. 16,Zona Urbana Rio Tijuana,Tijuana,Baja California,22010,México,-,75.0,0.0,0.0,75.0,6.0,-0.0,81.0,81.0,
087958211825-506547,Clinica Dental Tijuana,2112,07/03/2026,13/03/2026,Clinica Dental Tijuana,-,Calle Emiliano Zapata 8042,Zona Centro,Tijuana,Baja California,22000,México,-,190.0,0.0,0.0,190.0,15.2,-0.0,205.2,205.2,
087958211825-506546,Maxilo Dental,6152,06/03/2026,13/03/2026,Maxilo Dental,-,Fray Servando Teresa de Mier 1351-206,Zona Urbana Rio Tijuana,Tijuana,Baja California,22010,México,-,90.0,0.0,0.0,90.0,0.0,-0.0,90.0,90.0,
087958211825-506545,Clinica Dental Tijuana,2112,06/03/2026,13/03/2026,Clinica Dental Tijuana,-,Calle Emiliano Zapata 8042,Zona Centro,Tijuana,Baja California,22000,México,-,340.0,0.0,0.0,340.0,6.4,-0.0,346.4,346.4,
087958211825-506543,Horizon Dental Group,3297,05/03/2026,13/03/2026,Horizon Dental Group,-,C. Carrillo Puerto 1536-interior 203,Zona Centro,Tijuana,Baja California,22000,México,-,80.0,0.0,0.0,80.0,0.0,-0.0,80.0,80.0,
087958211825-506542,Horizon Dental Group,3297,05/03/2026,06/03/2026,Horizon Dental Group,-,C. Carrillo Puerto 1536-interior 203,Zona Centro,Tijuana,Baja California,22000,México,-,85.0,0.0,0.0,85.0,0.0,-0.0,85.0,85.0,
087958211825-506541,Clinica Dental Integral,4505,05/03/2026,13/03/2026,Clinica Dental Integral,-,Blvrd Gral Rodolfo Sánchez Taboada 1600-Int. 16,Zona Urbana Rio Tijuana,Tijuana,Baja California,22010,México,-,300.0,0.0,0.0,300.0,24.0,-0.0,324.0,324.0,
087958211825-506540,Clinica Dental Tijuana,2112,05/03/2026,13/03/2026,Clinica Dental Tijuana,-,Calle Emiliano Zapata 8042,Zona Centro,Tijuana,Baja California,22000,México,-,75.0,0.0,0.0,75.0,6.0,-0.0,81.0,81.0,
087958211825-506539,Clinica Dental Tijuana,2112,05/03/2026,13/03/2026,Clinica Dental Tijuana,-,Calle Emiliano Zapata 8042,Zona Centro,Tijuana,Baja California,22000,México,-,300.0,0.0,0.0,300.0,24.0,-0.0,324.0,324.0,
087958211825-506538,Dental Angel Smile,7399,04/03/2026,13/03/2026,Dental Angel Smile,-,Av Constitución 1284,Zona Centro,Tijuana,Baja California,22000,México,-,85.0,0.0,0.0,85.0,0.0,-0.0,85.0,85.0,
087958211825-506537,Clinica Dental Integral,4505,04/03/2026,13/03/2026,Clinica Dental Integral,-,Blvrd Gral Rodolfo Sánchez Taboada 1600-Int. 16,Zona Urbana Rio Tijuana,Tijuana,Baja California,22010,México,-,225.0,0.0,0.0,225.0,18.0,-0.0,243.0,243.0,
087958211825-506536,Clinica Dental Tijuana,2112,04/03/2026,13/03/2026,Clinica Dental Tijuana,-,Calle Emiliano Zapata 8042,Zona Centro,Tijuana,Baja California,22000,México,-,75.0,0.0,0.0,75.0,6.0,-0.0,81.0,81.0,
087958211825-506535,Clinica Dental Paleo,6153,27/02/2026,06/03/2026,Clinica Dental Paleo,-,Flores Magon 1225,Zona Centro,Tijuana,Baja California,22000,México,-,320.0,0.0,0.0,320.0,0.0,-0.0,320.0,320.0,
087958211825-506534,Clinica Dental Tijuana,2112,27/02/2026,06/03/2026,Clinica Dental Tijuana,-,Calle Emiliano Zapata 8042,Zona Centro,Tijuana,Baja California,22000,México,-,300.0,0.0,0.0,300.0,24.0,-0.0,324.0,324.0,
087958211825-506533,Dental Angel Smile,7399,26/02/2026,06/03/2026,Dental Angel Smile,-,Av Constitución 1284,Zona Centro,Tijuana,Baja California,22000,México,-,85.0,0.0,0.0,85.0,0.0,-0.0,85.0,85.0,
888164,Zenzao Smile Studio,800,25/02/2026,"",Zenzao Smile Studio,-,Blvd. Alberto Limón Padilla #19058,Nueva Tijuana,Tijuana,Baja California,22444,México,-,75.0,0.0,0.0,75.0,6.0,-0.0,81.0,81.0,
888163,Zenzao Smile Studio,800,25/02/2026,"",Zenzao Smile Studio,-,Blvd. Alberto Limón Padilla #19058,Nueva Tijuana,Tijuana,Baja California,22444,México,-,425.0,0.0,0.0,425.0,34.0,-0.0,459.0,459.0,
087958211825-506532,Real Dental Tijuana,2543,25/02/2026,06/03/2026,Real Dental Tijuana,-,Ignacio Manuel Altamirano 4567,Soler,Tijuana,Baja California,22530,México,-,75.0,0.0,0.0,75.0,0.0,-0.0,75.0,75.0,
R-00043,Superdental,1882,25/02/2026,06/03/2026,Superdental,-,Blvd. Agua Caliente 11988-Local 1,Agua Caliente,Tijuana,Baja California,22420,México,-,220.0,0.0,0.0,220.0,0.0,-0.0,220.0,220.0,
087958211825-506531,Clinica Dental Tijuana,2112,24/02/2026,06/03/2026,Clinica Dental Tijuana,-,Calle Emiliano Zapata 8042,Zona Centro,Tijuana,Baja California,22000,México,-,95.0,0.0,0.0,95.0,7.6,-0.0,102.6,102.6,
087958211825-506530,Clinica Dental Tijuana,2112,23/02/2026,06/03/2026,Clinica Dental Tijuana,-,Calle Emiliano Zapata 8042,Zona Centro,Tijuana,Baja California,22000,México,-,150.0,0.0,0.0,150.0,12.0,-0.0,162.0,162.0,
087958211825-506529,Clinica Dental Integral,4505,23/02/2026,06/03/2026,Clinica Dental Integral,-,Blvrd Gral Rodolfo Sánchez Taboada 1600-Int. 16,Zona Urbana Rio Tijuana,Tijuana,Baja California,22010,México,-,75.0,0.0,0.0,75.0,0.0,-0.0,75.0,75.0,
087958211825-506528,Dental Studio,6901,23/02/2026,06/03/2026,Dental Studio,-,Calle Emiliano Zapata 7974-3,Zona Centro,Tijuana,Baja California,22000,México,-,300.0,0.0,0.0,300.0,0.0,-0.0,300.0,300.0,
087958211825-506527,Dental Studio,6901,23/02/2026,06/03/2026,Dental Studio,-,Calle Emiliano Zapata 7974-3,Zona Centro,Tijuana,Baja California,22000,México,-,160.0,0.0,0.0,160.0,0.0,-0.0,160.0,160.0,
087958211825-506526,Maxilo Dental,6152,23/02/2026,06/03/2026,Maxilo Dental,-,Fray Servando Teresa de Mier 1351-206,Zona Urbana Rio Tijuana,Tijuana,Baja California,22010,México,-,85.0,0.0,0.0,85.0,0.0,-0.0,85.0,85.0,
087958211825-506525,Clinica Dental Tijuana,2112,23/02/2026,06/03/2026,Clinica Dental Tijuana,-,Calle Emiliano Zapata 8042,Zona Centro,Tijuana,Baja California,22000,México,-,85.0,0.0,0.0,85.0,6.8,-0.0,91.8,91.8,
087958211825-506524,Clinica Dental Tijuana,2112,23/02/2026,06/03/2026,Clinica Dental Tijuana,-,Calle Emiliano Zapata 8042,Zona Centro,Tijuana,Baja California,22000,México,-,75.0,0.0,0.0,75.0,6.0,-0.0,81.0,81.0,
087958211825-506521,Dental Studio,6901,20/02/2026,27/02/2026,Dental Studio,-,Calle Emiliano Zapata 7974-3,Zona Centro,Tijuana,Baja California,22000,México,-,75.0,0.0,0.0,75.0,0.0,-0.0,75.0,75.0,
R-00041,GDIA,9999,20/02/2026,"",GDIA,-,Diaz Miron 7585,Zona Centro,Tijuana,Baja California,22000,México,-,50.0,0.0,0.0,50.0,0.0,-0.0,50.0,0.0,
087958211825-506520,Clinica Dental Tijuana,2112,19/02/2026,27/02/2026,Clinica Dental Tijuana,-,Calle Emiliano Zapata 8042,Zona Centro,Tijuana,Baja California,22000,México,-,215.0,0.0,0.0,215.0,17.2,-0.0,232.2,232.2,
087958211825-506519,Zenzao Smile Studio,800,19/02/2026,27/02/2026,Zenzao Smile Studio,-,Blvd. Alberto Limón Padilla #19058,Nueva Tijuana,Tijuana,Baja California,22444,México,-,135.0,0.0,0.0,135.0,10.8,-0.0,145.8,145.8,
087958211825-506518,Orion Dental,8832,18/02/2026,27/02/2026,Orion Dental,-,Calle Emiliano Zapata 7727-int 5,Zona Centro,Tijuana,Baja California,22000,México,-,75.0,0.0,0.0,75.0,6.0,-0.0,81.0,81.0,
R-00040,GDIA,9999,14/02/2026,"",GDIA,-,Diaz Miron 7585,Zona Centro,Tijuana,Baja California,22000,México,-,100.0,0.0,0.0,100.0,0.0,-0.0,100.0,0.0,
R-00039,GDIA,9999,14/02/2026,"",GDIA,-,Diaz Miron 7585,Zona Centro,Tijuana,Baja California,22000,México,-,50.0,0.0,0.0,50.0,0.0,-0.0,50.0,0.0,
R-00038,GDIA,9999,14/02/2026,"",GDIA,-,Diaz Miron 7585,Zona Centro,Tijuana,Baja California,22000,México,-,50.0,0.0,0.0,50.0,0.0,-0.0,50.0,0.0,
087958211825-506516,Dental Angel Smile,7399,12/02/2026,20/02/2026,Dental Angel Smile,-,Av Constitución 1284,Zona Centro,Tijuana,Baja California,22000,México,-,85.0,0.0,0.0,85.0,0.0,-0.0,85.0,85.0,
087958211825-506515,Clinica Dental Integral,4505,12/02/2026,20/02/2026,Clinica Dental Integral,-,Blvrd Gral Rodolfo Sánchez Taboada 1600-Int. 16,Zona Urbana Rio Tijuana,Tijuana,Baja California,22010,México,-,225.0,0.0,0.0,225.0,0.0,-0.0,225.0,225.0,
087958211825-506514,Regenerando Sonrisas,803,10/02/2026,20/02/2026,Regenerando Sonrisas,-,Alamo 19-Local 3,Libertad,Tijuana,Baja California,22400,México,-,37.5,0.0,0.0,37.5,3.0,-0.0,40.5,40.5,
087958211825-506513,Superdental,1882,10/02/2026,20/02/2026,Superdental,-,Blvd. Agua Caliente 11988-Local 1,Agua Caliente,Tijuana,Baja California,22420,México,-,135.0,0.0,0.0,135.0,0.0,-0.0,135.0,135.0,
087958211825-506512,Clinica Dental Integral,4505,09/02/2026,20/02/2026,Clinica Dental Integral,-,Blvrd Gral Rodolfo Sánchez Taboada 1600-Int. 16,Zona Urbana Rio Tijuana,Tijuana,Baja California,22010,México,-,160.0,0.0,0.0,160.0,0.0,-0.0,160.0,160.0,
087958211825-506509,Dental Studio,6901,09/02/2026,20/02/2026,Dental Studio,-,Calle Emiliano Zapata 7974-3,Zona Centro,Tijuana,Baja California,22000,México,-,85.0,0.0,0.0,85.0,0.0,-0.0,85.0,85.0,
087958211825-506508,Dental Studio,6901,09/02/2026,20/02/2026,Dental Studio,-,Calle Emiliano Zapata 7974-3,Zona Centro,Tijuana,Baja California,22000,México,-,85.0,0.0,0.0,85.0,0.0,-0.0,85.0,85.0,
087958211825-506507,Maxilo Dental,6152,09/02/2026,20/02/2026,Maxilo Dental,-,Fray Servando Teresa de Mier 1351-206,Zona Urbana Rio Tijuana,Tijuana,Baja California,22010,México,-,85.0,0.0,0.0,85.0,0.0,-0.0,85.0,85.0,
087958211825-506506,Superdental,1882,07/02/2026,07/02/2026,Superdental,-,Blvd. Agua Caliente 11988-Local 1,Agua Caliente,Tijuana,Baja California,22420,México,-,10.0,0.0,0.0,10.0,0.0,-0.0,10.0,10.0,
087958211825-506505,Clinica Dental Paleo,6153,07/02/2026,13/02/2026,Clinica Dental Paleo,-,Flores Magon 1225,Zona Centro,Tijuana,Baja California,22000,México,-,980.0,0.0,0.0,980.0,0.0,-0.0,980.0,980.0,
087958211825-506503,Clinica Dental Integral,4505,06/02/2026,13/02/2026,Clinica Dental Integral,-,Blvrd Gral Rodolfo Sánchez Taboada 1600-Int. 16,Zona Urbana Rio Tijuana,Tijuana,Baja California,22010,México,-,75.0,0.0,0.0,75.0,0.0,-0.0,75.0,75.0,
087958211825-506502,Maxilo Dental,6152,05/02/2026,13/02/2026,Maxilo Dental,-,Fray Servando Teresa de Mier 1351-206,Zona Urbana Rio Tijuana,Tijuana,Baja California,22010,México,-,85.0,0.0,0.0,85.0,0.0,-0.0,85.0,85.0,
087958211825-506501,Clinica Dental Paleo,6153,04/02/2026,13/02/2026,Clinica Dental Paleo,-,Flores Magon 1225,Zona Centro,Tijuana,Baja California,22000,México,-,40.0,0.0,0.0,40.0,0.0,-0.0,40.0,40.0,
087958211825-506500,Clinica Dental Tijuana,2112,04/02/2026,13/02/2026,Clinica Dental Tijuana,-,Calle Emiliano Zapata 8042,Zona Centro,Tijuana,Baja California,22000,México,-,150.0,0.0,0.0,150.0,12.0,-0.0,162.0,162.0,
087958211825-506499,Clinica Dental Paleo,6153,04/02/2026,13/02/2026,Clinica Dental Paleo,-,Flores Magon 1225,Zona Centro,Tijuana,Baja California,22000,México,-,70.0,0.0,0.0,70.0,0.0,-0.0,70.0,70.0,
087958211825-506498,Clinica Dental Integral,4505,03/02/2026,13/02/2026,Clinica Dental Integral,-,Blvrd Gral Rodolfo Sánchez Taboada 1600-Int. 16,Zona Urbana Rio Tijuana,Tijuana,Baja California,22010,México,-,75.0,0.0,0.0,75.0,0.0,-0.0,75.0,75.0,
087958211825-506497,Clinica Dental Integral,4505,03/02/2026,13/02/2026,Clinica Dental Integral,-,Blvrd Gral Rodolfo Sánchez Taboada 1600-Int. 16,Zona Urbana Rio Tijuana,Tijuana,Baja California,22010,México,-,225.0,0.0,0.0,225.0,0.0,-0.0,225.0,225.0,
087958211825-506496,Superdental,1882,03/02/2026,13/02/2026,Superdental,-,Blvd. Agua Caliente 11988-Local 1,Agua Caliente,Tijuana,Baja California,22420,México,-,40.0,0.0,0.0,40.0,0.0,-0.0,40.0,40.0,
087958211825-506495,Dental Studio,6901,03/02/2026,13/02/2026,Dental Studio,-,Calle Emiliano Zapata 7974-3,Zona Centro,Tijuana,Baja California,22000,México,-,75.0,0.0,0.0,75.0,0.0,-0.0,75.0,75.0,
087958211825-506494,Clinica Dental Tijuana,2112,31/01/2026,06/02/2026,Clinica Dental Tijuana,-,Calle Emiliano Zapata 8042,Zona Centro,Tijuana,Baja California,22000,México,-,80.0,0.0,0.0,80.0,6.4,-0.0,86.4,86.4,
087958211825-506493,Dental Angel Smile,7399,31/01/2026,06/02/2026,Dental Angel Smile,-,Av Constitución 1284,Zona Centro,Tijuana,Baja California,22000,México,-,85.0,0.0,0.0,85.0,0.0,-0.0,85.0,85.0,
087958211825-506492,Clinica Dental Integral,4505,30/01/2026,06/02/2026,Clinica Dental Integral,-,Blvrd Gral Rodolfo Sánchez Taboada 1600-Int. 16,Zona Urbana Rio Tijuana,Tijuana,Baja California,22010,México,-,75.0,0.0,0.0,75.0,0.0,-0.0,75.0,75.0,
087958211825-506491,Clinica Dental Integral,4505,30/01/2026,06/02/2026,Clinica Dental Integral,-,Blvrd Gral Rodolfo Sánchez Taboada 1600-Int. 16,Zona Urbana Rio Tijuana,Tijuana,Baja California,22010,México,-,225.0,0.0,0.0,225.0,0.0,-0.0,225.0,225.0,
087958211825-506490,Clinica Dental Integral,4505,30/01/2026,06/02/2026,Clinica Dental Integral,-,Blvrd Gral Rodolfo Sánchez Taboada 1600-Int. 16,Zona Urbana Rio Tijuana,Tijuana,Baja California,22010,México,-,225.0,0.0,0.0,225.0,0.0,-0.0,225.0,225.0,
087958211825-506489,Clinica Dental Coronel,2795,30/01/2026,06/02/2026,Dr. Luis Bojorquez,-,Fray Servando Teresa de Mier 23,Zona Urbana Rio Tijuana,Tijuana,Baja California,22010,México,-,85.0,0.0,0.0,85.0,0.0,-0.0,85.0,85.0,
087958211825-506487,Regenerando Sonrisas,803,29/01/2026,06/02/2026,Regenerando Sonrisas,-,Alamo 19-Local 3,Libertad,Tijuana,Baja California,22400,México,-,75.0,0.0,0.0,75.0,6.0,-0.0,81.0,81.0,
087958211825-506486,Clinica Dental Paleo,6153,27/01/2026,06/02/2026,Clinica Dental Paleo,-,Flores Magon 1225,Zona Centro,Tijuana,Baja California,22000,México,-,70.0,0.0,0.0,70.0,0.0,-0.0,70.0,70.0,
087958211825-506485,Clinica Dental Paleo,6153,27/01/2026,06/02/2026,Clinica Dental Paleo,-,Flores Magon 1225,Zona Centro,Tijuana,Baja California,22000,México,-,50.0,0.0,0.0,50.0,0.0,-0.0,50.0,50.0,
087958211825-506484,Clinica Dental Paleo,6153,27/01/2026,06/02/2026,Clinica Dental Paleo,-,Flores Magon 1225,Zona Centro,Tijuana,Baja California,22000,México,-,280.0,0.0,0.0,280.0,0.0,-0.0,280.0,280.0,
087958211825-506483,Clinica Dental Paleo,6153,27/01/2026,06/02/2026,Clinica Dental Paleo,-,Flores Magon 1225,Zona Centro,Tijuana,Baja California,22000,México,-,70.0,0.0,0.0,70.0,0.0,-0.0,70.0,70.0,
087958211825-506481,Clinica Dental Tijuana,2112,27/01/2026,06/02/2026,Clinica Dental Tijuana,-,Calle Emiliano Zapata 8042,Zona Centro,Tijuana,Baja California,22000,México,-,75.0,0.0,0.0,75.0,6.0,-0.0,81.0,81.0,
087958211825-506480,Clinica Dental Tijuana,2112,27/01/2026,06/02/2026,Clinica Dental Tijuana,-,Calle Emiliano Zapata 8042,Zona Centro,Tijuana,Baja California,22000,México,-,150.0,0.0,0.0,150.0,12.0,-0.0,162.0,162.0,
087958211825-506479,Real Dental Tijuana,2543,26/01/2026,30/01/2026,Real Dental Tijuana,-,Ignacio Manuel Altamirano 4567,Soler,Tijuana,Baja California,22530,México,-,75.0,0.0,0.0,75.0,0.0,-0.0,75.0,75.0,
087958211825-506478,Real Dental Tijuana,2543,26/01/2026,30/01/2026,Real Dental Tijuana,-,Ignacio Manuel Altamirano 4567,Soler,Tijuana,Baja California,22530,México,-,75.0,0.0,0.0,75.0,0.0,-0.0,75.0,75.0,
087958211825-506477,Clinica Dental Coronel,2795,26/01/2026,30/01/2026,Dr. Luis Bojorquez,-,Fray Servando Teresa de Mier 23,Zona Urbana Rio Tijuana,Tijuana,Baja California,22010,México,-,1020.0,0.0,0.0,1020.0,0.0,-0.0,1020.0,1020.0,
087958211825-506475,Clinica Dental Coronel,2795,26/01/2026,30/01/2026,Dr. Luis Bojorquez,-,Fray Servando Teresa de Mier 23,Zona Urbana Rio Tijuana,Tijuana,Baja California,22010,México,-,90.0,0.0,0.0,90.0,0.0,-0.0,90.0,90.0,
087958211825-506474,Clinica Dental Tijuana,2112,26/01/2026,30/01/2026,Clinica Dental Tijuana,-,Calle Emiliano Zapata 8042,Zona Centro,Tijuana,Baja California,22000,México,-,75.0,0.0,0.0,75.0,6.0,-0.0,81.0,81.0,
087958211825-506473,Real Dental Tijuana,2543,22/01/2026,30/01/2026,Real Dental Tijuana,-,Ignacio Manuel Altamirano 4567,Soler,Tijuana,Baja California,22530,México,-,90.0,0.0,0.0,90.0,0.0,-0.0,90.0,90.0,
087958211825-506472,Clinica Dental Tijuana,2112,22/01/2026,30/01/2026,Clinica Dental Tijuana,-,Calle Emiliano Zapata 8042,Zona Centro,Tijuana,Baja California,22000,México,-,75.0,0.0,0.0,75.0,6.0,-0.0,81.0,81.0,
087958211825-506471,Clinica Dental Tijuana,2112,22/01/2026,30/01/2026,Clinica Dental Tijuana,-,Calle Emiliano Zapata 8042,Zona Centro,Tijuana,Baja California,22000,México,-,160.0,0.0,0.0,160.0,12.8,-0.0,172.8,172.8,
087958211825-506470,Clinica Dental Coronel,2795,21/01/2026,30/01/2026,Dr. Luis Bojorquez,-,Fray Servando Teresa de Mier 23,Zona Urbana Rio Tijuana,Tijuana,Baja California,22010,México,-,510.0,0.0,0.0,510.0,0.0,-0.0,510.0,510.0,
087958211825-506469,Superdental,1882,19/01/2026,23/01/2026,Superdental,-,Blvd. Agua Caliente 11988-Local 1,Agua Caliente,Tijuana,Baja California,22420,México,-,75.0,0.0,0.0,75.0,0.0,-0.0,75.0,75.0,
087958211825-506468,Clinica Dental Coronel,2795,17/01/2026,23/01/2026,Dr. Luis Bojorquez,-,Fray Servando Teresa de Mier 23,Zona Urbana Rio Tijuana,Tijuana,Baja California,22010,México,-,85.0,0.0,0.0,85.0,0.0,-0.0,85.0,85.0,
087958211825-506467,Clinica Dental Coronel,2795,17/01/2026,23/01/2026,Dr. Luis Bojorquez,-,Fray Servando Teresa de Mier 23,Zona Urbana Rio Tijuana,Tijuana,Baja California,22010,México,-,180.0,0.0,0.0,180.0,0.0,-0.0,180.0,180.0,
087958211825-506466,Clinica Dental Coronel,2795,17/01/2026,23/01/2026,Dr. Luis Bojorquez,-,Fray Servando Teresa de Mier 23,Zona Urbana Rio Tijuana,Tijuana,Baja California,22010,México,-,85.0,0.0,0.0,85.0,0.0,-0.0,85.0,85.0,
087958211825-506465,Clinica Dental Coronel,2795,17/01/2026,23/01/2026,Dr. Luis Bojorquez,-,Fray Servando Teresa de Mier 23,Zona Urbana Rio Tijuana,Tijuana,Baja California,22010,México,-,75.0,0.0,0.0,75.0,0.0,-0.0,75.0,75.0,
087958211825-506464,Clinica Dental Tijuana,2112,16/01/2026,23/01/2026,Clinica Dental Tijuana,-,Calle Emiliano Zapata 8042,Zona Centro,Tijuana,Baja California,22000,México,-,75.0,0.0,0.0,75.0,6.0,-0.0,81.0,81.0,
087958211825-506462,Superdental,1882,14/01/2026,23/01/2026,Superdental,-,Blvd. Agua Caliente 11988-Local 1,Agua Caliente,Tijuana,Baja California,22420,México,-,50.0,0.0,0.0,50.0,0.0,-0.0,50.0,50.0,
087958211825-506461,Clinica Dental Tijuana,2112,14/01/2026,23/01/2026,Clinica Dental Tijuana,-,Calle Emiliano Zapata 8042,Zona Centro,Tijuana,Baja California,22000,México,-,150.0,0.0,0.0,150.0,12.0,-0.0,162.0,162.0,
087958211825-506460,Clinica Dental Paleo,6153,14/01/2026,23/01/2026,Clinica Dental Paleo,-,Flores Magon 1225,Zona Centro,Tijuana,Baja California,22000,México,-,140.0,0.0,0.0,140.0,0.0,-0.0,140.0,140.0,
087958211825-506459,Clinica Dental Paleo,6153,14/01/2026,23/01/2026,Clinica Dental Paleo,-,Flores Magon 1225,Zona Centro,Tijuana,Baja California,22000,México,-,70.0,0.0,0.0,70.0,0.0,-0.0,70.0,70.0,
087958211825-506458,Clinica Dental Integral,4505,12/01/2026,23/01/2026,Clinica Dental Integral,-,Blvrd Gral Rodolfo Sánchez Taboada 1600-Int. 16,Zona Urbana Rio Tijuana,Tijuana,Baja California,22010,México,-,80.0,0.0,0.0,80.0,0.0,-0.0,80.0,80.0,
087958211825-506457,Clinica Dental Tijuana,2112,10/01/2026,16/01/2026,Clinica Dental Tijuana,-,Calle Emiliano Zapata 8042,Zona Centro,Tijuana,Baja California,22000,México,-,225.0,0.0,0.0,225.0,18.0,-0.0,243.0,243.0,
087958211825-506456,Clinica Dental Integral,4505,10/01/2026,16/01/2026,Clinica Dental Integral,-,Blvrd Gral Rodolfo Sánchez Taboada 1600-Int. 16,Zona Urbana Rio Tijuana,Tijuana,Baja California,22010,México,-,225.0,0.0,0.0,225.0,0.0,-0.0,225.0,225.0,
087958211825-506455,Dr. Bojorquez,2795,10/01/2026,16/01/2026,Dr. Luis Bojorquez,-,Fray Servando Teresa de Mier 23,Zona Urbana Rio Tijuana,Tijuana,Baja California,22010,México,-,180.0,0.0,0.0,180.0,0.0,-0.0,180.0,180.0,
087958211825-506454,Dental Studio,6901,10/01/2026,16/01/2026,Dental Studio,-,Calle Emiliano Zapata 7974-3,Zona Centro,Tijuana,Baja California,22000,México,-,75.0,0.0,0.0,75.0,0.0,-0.0,75.0,75.0,
087958211825-506453,Dental Studio,6901,10/01/2026,16/01/2026,Dental Studio,-,Calle Emiliano Zapata 7974-3,Zona Centro,Tijuana,Baja California,22000,México,-,75.0,0.0,0.0,75.0,0.0,-0.0,75.0,75.0,
087958211825-506452,Horizon Dental Group,3297,07/01/2026,16/01/2026,Horizon Dental Group,-,C. Carrillo Puerto 1536-interior 203,Zona Centro,Tijuana,Baja California,22000,México,-,85.0,0.0,0.0,85.0,0.0,-0.0,85.0,85.0,
087958211825-506451,Real Dental Tijuana,2543,06/01/2026,16/01/2026,Real Dental Tijuana,-,Ignacio Manuel Altamirano 4567,Soler,Tijuana,Baja California,22530,México,-,75.0,0.0,0.0,75.0,0.0,-0.0,75.0,75.0,
087958211825-506450,Clinica Dental Integral,4505,02/01/2026,09/01/2026,Clinica Dental Integral,-,Blvrd Gral Rodolfo Sánchez Taboada 1600-Int. 16,Zona Urbana Rio Tijuana,Tijuana,Baja California,22010,México,-,75.0,0.0,0.0,75.0,0.0,-0.0,75.0,75.0,
087958211825-506449,Clinica Dental Tijuana,2112,02/01/2026,09/01/2026,Clinica Dental Tijuana,-,Calle Emiliano Zapata 8042,Zona Centro,Tijuana,Baja California,22000,México,-,320.0,0.0,0.0,320.0,25.6,-0.0,345.6,345.6,
087958211825-506448,Dr. Bojorquez,2795,30/12/2025,09/01/2026,Dr. Luis Bojorquez,-,Fray Servando Teresa de Mier 23,Zona Urbana Rio Tijuana,Tijuana,Baja California,22010,México,-,900.0,0.0,0.0,900.0,0.0,-0.0,900.0,900.0,
087958211825-506447,Clinica Dental Tijuana,2112,27/12/2025,02/01/2026,Clinica Dental Tijuana,-,Calle Emiliano Zapata 8042,Zona Centro,Tijuana,Baja California,22000,México,-,75.0,0.0,0.0,75.0,6.0,-0.0,81.0,81.0,
087958211825-506446,Clinica Dental Tijuana,2112,27/12/2025,02/01/2026,Clinica Dental Tijuana,-,Calle Emiliano Zapata 8042,Zona Centro,Tijuana,Baja California,22000,México,-,300.0,0.0,0.0,300.0,24.0,-0.0,324.0,324.0,
087958211825-506445,Horizon Dental Group,3297,27/12/2025,02/01/2026,Horizon Dental Group,-,C. Carrillo Puerto 1536-interior 203,Zona Centro,Tijuana,Baja California,22000,México,-,560.0,0.0,0.0,560.0,0.0,-0.0,560.0,560.0,
087958211825-506444,Clinica Dental Paleo,6153,27/12/2025,02/01/2026,Clinica Dental Paleo,-,Flores Magon 1225,Zona Centro,Tijuana,Baja California,22000,México,-,70.0,0.0,0.0,70.0,0.0,-0.0,70.0,70.0,
087958211825-506443,Clinica Dental Tijuana,2112,23/12/2025,03/01/2026,Clinica Dental Tijuana,-,Calle Emiliano Zapata 8042,Zona Centro,Tijuana,Baja California,22000,México,-,450.0,0.0,0.0,450.0,36.0,-0.0,486.0,486.0,
087958211825-506442,Clinica Dental Tijuana,2112,23/12/2025,02/01/2026,Clinica Dental Tijuana,-,Calle Emiliano Zapata 8042,Zona Centro,Tijuana,Baja California,22000,México,-,150.0,0.0,0.0,150.0,12.0,-0.0,162.0,162.0,
087958211825-506441,Zenzao Smile Studio,800,23/12/2025,02/01/2026,Zenzao Smile Studio,-,Blvd. Alberto Limón Padilla #19058,Nueva Tijuana,Tijuana,Baja California,22444,México,-,75.0,0.0,0.0,75.0,0.0,-0.0,75.0,75.0,
087958211825-506440,Clinica Dental Tijuana,2112,22/12/2025,03/01/2026,Clinica Dental Tijuana,-,Calle Emiliano Zapata 8042,Zona Centro,Tijuana,Baja California,22000,México,-,375.0,0.0,0.0,375.0,30.0,-0.0,405.0,405.0,
087958211825-506439,Superdental,1882,22/12/2025,03/01/2026,Superdental,-,Blvd. Agua Caliente 11988-Local 1,Agua Caliente,Tijuana,Baja California,22420,México,-,225.0,0.0,0.0,225.0,0.0,-0.0,225.0,225.0,
087958211825-506438,Orion Dental,8832,20/12/2025,26/12/2025,Orion Dental,-,Calle Emiliano Zapata 7727-int 5,Zona Centro,Tijuana,Baja California,22000,México,-,155.0,0.0,0.0,155.0,0.0,-0.0,155.0,155.0,
087958211825-506437,Real Dental Tijuana,2543,20/12/2025,26/12/2025,Real Dental Tijuana,-,Ignacio Manuel Altamirano 4567,Soler,Tijuana,Baja California,22530,México,-,170.0,0.0,0.0,170.0,0.0,-0.0,170.0,170.0,
087958211825-506436,Dr. Bojorquez,2795,20/12/2025,26/12/2025,Dr. Luis Bojorquez,-,Fray Servando Teresa de Mier 23,Zona Urbana Rio Tijuana,Tijuana,Baja California,22010,México,-,85.0,0.0,0.0,85.0,0.0,-0.0,85.0,85.0,
087958211825-506435,Clinica Dental Integral,4505,20/12/2025,26/12/2025,Clinica Dental Integral,-,Blvrd Gral Rodolfo Sánchez Taboada 1600-Int. 16,Zona Urbana Rio Tijuana,Tijuana,Baja California,22010,México,-,80.0,0.0,0.0,80.0,0.0,-0.0,80.0,80.0,
087958211825-506434,Maxilo Dental,6152,20/12/2025,26/12/2025,Maxilo Dental,-,Fray Servando Teresa de Mier 1351-206,Zona Urbana Rio Tijuana,Tijuana,Baja California,22010,México,-,85.0,0.0,0.0,85.0,0.0,-0.0,85.0,85.0,
087958211825-506433,Clinica Dental Tijuana,2112,18/12/2025,26/12/2025,Clinica Dental Tijuana,-,Calle Emiliano Zapata 8042,Zona Centro,Tijuana,Baja California,22000,México,-,900.0,0.0,0.0,900.0,72.0,-0.0,972.0,972.0,
087958211825-506432,Dental Studio,6901,17/12/2025,26/12/2025,Dental Studio,-,Calle Emiliano Zapata 7974-3,Zona Centro,Tijuana,Baja California,22000,México,-,225.0,0.0,0.0,225.0,0.0,-0.0,225.0,225.0,
087958211825-506431,Dental Studio,6901,17/12/2025,26/12/2025,Dental Studio,-,Calle Emiliano Zapata 7974-3,Zona Centro,Tijuana,Baja California,22000,México,-,75.0,0.0,0.0,75.0,0.0,-0.0,75.0,75.0,
087958211825-506430,Dental Studio,6901,17/12/2025,26/12/2025,Dental Studio,-,Calle Emiliano Zapata 7974-3,Zona Centro,Tijuana,Baja California,22000,México,-,75.0,0.0,0.0,75.0,0.0,-0.0,75.0,75.0,
087958211825-506429,Maxilo Dental,6152,16/12/2025,26/12/2025,Maxilo Dental,-,Fray Servando Teresa de Mier 1351-206,Zona Urbana Rio Tijuana,Tijuana,Baja California,22010,México,-,450.0,0.0,0.0,450.0,36.0,-0.0,486.0,486.0,
087958211825-506428,Clinica Dental Integral,4505,16/12/2025,26/12/2025,Clinica Dental Integral,-,Blvrd Gral Rodolfo Sánchez Taboada 1600-Int. 16,Zona Urbana Rio Tijuana,Tijuana,Baja California,22010,México,-,225.0,0.0,0.0,225.0,0.0,-0.0,225.0,225.0,
087958211825-506427,Zenzao Smile Studio,800,16/12/2025,26/12/2025,Zenzao Smile Studio,-,Blvd. Alberto Limón Padilla #19058,Nueva Tijuana,Tijuana,Baja California,22444,México,-,85.0,0.0,0.0,85.0,0.0,-0.0,85.0,85.0,
087958211825-506426,Clinica Dental Paleo,6153,16/12/2025,26/12/2025,Clinica Dental Paleo,-,Flores Magon 1225,Zona Centro,Tijuana,Baja California,22000,México,-,280.0,0.0,0.0,280.0,0.0,-0.0,280.0,280.0,
087958211825-506425,Clinica Dental Integral,4505,15/12/2025,26/12/2025,Clinica Dental Integral,-,Blvrd Gral Rodolfo Sánchez Taboada 1600-Int. 16,Zona Urbana Rio Tijuana,Tijuana,Baja California,22010,México,-,150.0,0.0,0.0,150.0,0.0,-0.0,150.0,150.0,
087958211825-506424,Clinica Dental Tijuana,2112,13/12/2025,19/12/2025,Clinica Dental Tijuana,-,Calle Emiliano Zapata 8042,Zona Centro,Tijuana,Baja California,22000,México,-,225.0,0.0,0.0,225.0,18.0,-0.0,243.0,243.0,
087958211825-506423,Clinica Dental Tijuana,2112,13/12/2025,19/12/2025,Clinica Dental Tijuana,-,Calle Emiliano Zapata 8042,Zona Centro,Tijuana,Baja California,22000,México,-,75.0,0.0,0.0,75.0,6.0,-0.0,81.0,81.0,
087958211825-506422,Clinica Dental Tijuana,2112,13/12/2025,19/12/2025,Clinica Dental Tijuana,-,Calle Emiliano Zapata 8042,Zona Centro,Tijuana,Baja California,22000,México,-,150.0,0.0,0.0,150.0,12.0,-0.0,162.0,162.0,
087958211825-506421,Clinica Dental Tijuana,2112,13/12/2025,19/12/2025,Clinica Dental Tijuana,-,Calle Emiliano Zapata 8042,Zona Centro,Tijuana,Baja California,22000,México,-,80.0,0.0,0.0,80.0,6.4,-0.0,86.4,86.4,
087958211825-506420,Clinica Dental Tijuana,2112,13/12/2025,19/12/2025,Clinica Dental Tijuana,-,Calle Emiliano Zapata 8042,Zona Centro,Tijuana,Baja California,22000,México,-,75.0,0.0,0.0,75.0,6.0,-0.0,81.0,81.0,
087958211825-506419,Clinica Dental Tijuana,2112,13/12/2025,19/12/2025,Clinica Dental Tijuana,-,Calle Emiliano Zapata 8042,Zona Centro,Tijuana,Baja California,22000,México,-,80.0,0.0,0.0,80.0,6.4,-0.0,86.4,86.4,
087958211825-506418,Dental Studio,6901,13/12/2025,19/12/2025,Dental Studio,-,Calle Emiliano Zapata 7974-3,Zona Centro,Tijuana,Baja California,22000,México,-,75.0,0.0,0.0,75.0,0.0,-0.0,75.0,75.0,
087958211825-506417,Real Dental Tijuana,2543,12/12/2025,19/12/2025,Real Dental Tijuana,-,Ignacio Manuel Altamirano 4567,Soler,Tijuana,Baja California,22530,México,-,150.0,0.0,0.0,150.0,0.0,-0.0,150.0,150.0,
087958211825-506416,Real Dental Tijuana,2543,12/12/2025,19/12/2025,Real Dental Tijuana,-,Ignacio Manuel Altamirano 4567,Soler,Tijuana,Baja California,22530,México,-,75.0,0.0,0.0,75.0,0.0,-0.0,75.0,75.0,
087958211825-506415,Dr. Bojorquez,2795,12/12/2025,19/12/2025,Dr. Luis Bojorquez,-,Fray Servando Teresa de Mier 23,Zona Urbana Rio Tijuana,Tijuana,Baja California,22010,México,-,85.0,0.0,0.0,85.0,0.0,-0.0,85.0,85.0,
087958211825-506414,Clinica Dental Tijuana,2112,12/12/2025,19/12/2025,Clinica Dental Tijuana,-,Calle Emiliano Zapata 8042,Zona Centro,Tijuana,Baja California,22000,México,-,450.0,0.0,0.0,450.0,36.0,-0.0,486.0,486.0,
087958211825-506413,Clinica Dental Tijuana,2112,12/12/2025,19/12/2025,Clinica Dental Tijuana,-,Calle Emiliano Zapata 8042,Zona Centro,Tijuana,Baja California,22000,México,-,300.0,0.0,0.0,300.0,24.0,-0.0,324.0,324.0,
087958211825-506412,Maxilo Dental,6152,11/12/2025,19/12/2025,Maxilo Dental,-,Fray Servando Teresa de Mier 1351-206,Zona Urbana Rio Tijuana,Tijuana,Baja California,22010,México,-,160.0,0.0,0.0,160.0,0.0,-0.0,160.0,160.0,
087958211825-506411,Real Dental Tijuana,2543,10/12/2025,19/12/2025,Real Dental Tijuana,-,Ignacio Manuel Altamirano 4567,Soler,Tijuana,Baja California,22530,México,-,150.0,0.0,0.0,150.0,0.0,-0.0,150.0,150.0,
087958211825-506410,Clinica Dental Tijuana,2112,09/12/2025,19/12/2025,Clinica Dental Tijuana,-,Calle Emiliano Zapata 8042,Zona Centro,Tijuana,Baja California,22000,México,-,630.0,0.0,0.0,630.0,50.4,-0.0,680.4,680.4,
087958211825-506409,Horizon Dental Group,3297,09/12/2025,19/12/2025,Horizon Dental Group,-,C. Carrillo Puerto 1536-interior 203,Zona Centro,Tijuana,Baja California,22000,México,-,85.0,0.0,0.0,85.0,0.0,-0.0,85.0,85.0,
087958211825-506408,Horizon Dental Group,3297,09/12/2025,19/12/2025,Horizon Dental Group,-,C. Carrillo Puerto 1536-interior 203,Zona Centro,Tijuana,Baja California,22000,México,-,85.0,0.0,0.0,85.0,0.0,-0.0,85.0,85.0,
087958211825-506407,Maxilo Dental,6152,09/12/2025,19/12/2025,Maxilo Dental,-,Fray Servando Teresa de Mier 1351-206,Zona Urbana Rio Tijuana,Tijuana,Baja California,22010,México,-,85.0,0.0,0.0,85.0,0.0,-0.0,85.0,85.0,
087958211825-506406,Superdental,1882,09/12/2025,19/12/2025,Superdental,-,Blvd. Agua Caliente 11988-Local 1,Agua Caliente,Tijuana,Baja California,22420,México,-,85.0,0.0,0.0,85.0,0.0,-0.0,85.0,85.0,
087958211825-506405,Dr. Bojorquez,2795,09/12/2025,19/12/2025,Dr. Luis Bojorquez,-,Fray Servando Teresa de Mier 23,Zona Urbana Rio Tijuana,Tijuana,Baja California,22010,México,-,900.0,0.0,0.0,900.0,0.0,-0.0,900.0,900.0,
087958211825-506404,Dental Angel Smile,7399,09/12/2025,19/12/2025,Dental Angel Smile,-,Av Constitución 1284,Zona Centro,Tijuana,Baja California,22000,México,-,510.0,0.0,0.0,510.0,0.0,-0.0,510.0,510.0,
087958211825-506403,Clinica Dental Tijuana,2112,08/12/2025,"",Clinica Dental Tijuana,-,Calle Emiliano Zapata 8042,Zona Centro,Tijuana,Baja California,22000,México,-,150.0,0.0,0.0,150.0,12.0,-0.0,162.0,162.0,
087958211825-506402,Dr. Bojorquez,2795,06/12/2025,12/12/2025,Dr. Luis Bojorquez,-,Fray Servando Teresa de Mier 23,Zona Urbana Rio Tijuana,Tijuana,Baja California,22010,México,-,90.0,0.0,0.0,90.0,0.0,-0.0,90.0,90.0,
087958211825-506401,Dr. Bojorquez,2795,06/12/2025,12/12/2025,Dr. Luis Bojorquez,-,Fray Servando Teresa de Mier 23,Zona Urbana Rio Tijuana,Tijuana,Baja California,22010,México,-,90.0,0.0,0.0,90.0,0.0,-0.0,90.0,90.0,
087958211825-154000,Dental Angel Smile,7399,04/12/2025,12/12/2025,Dental Angel Smile,-,Av Constitución 1284,Zona Centro,Tijuana,Baja California,22000,México,-,85.0,0.0,0.0,85.0,0.0,-0.0,85.0,85.0,
087958211825-153999,Clinica Dental Tijuana,2112,04/12/2025,12/12/2025,Clinica Dental Tijuana,-,Calle Emiliano Zapata 8042,Zona Centro,Tijuana,Baja California,22000,México,-,75.0,0.0,0.0,75.0,6.0,-0.0,81.0,81.0,
087958211825-153998,Superdental,1882,03/12/2025,12/12/2025,Superdental,-,Blvd. Agua Caliente 11988-Local 1,Agua Caliente,Tijuana,Baja California,22420,México,-,20.0,0.0,0.0,20.0,0.0,-0.0,20.0,20.0,
888162,Maxilo Dental,6152,01/12/2025,05/12/2025,Maxilo Dental,-,Fray Servando Teresa de Mier 1351-206,Zona Urbana Rio Tijuana,Tijuana,Baja California,22010,México,-,175.0,0.0,0.0,175.0,0.0,-0.0,175.0,175.0,
087958211825-153997,Orion Dental,8832,01/12/2025,12/12/2025,Orion Dental,-,Calle Emiliano Zapata 7727-int 5,Zona Centro,Tijuana,Baja California,22000,México,-,150.0,0.0,0.0,150.0,12.0,-0.0,162.0,162.0,
087958211825-153996,Clinica Dental Tijuana,2112,01/12/2025,12/12/2025,Clinica Dental Tijuana,-,Calle Emiliano Zapata 8042,Zona Centro,Tijuana,Baja California,22000,México,-,80.0,0.0,0.0,80.0,6.4,-0.0,86.4,86.4,
087958211825-153995,Clinica Dental Tijuana,2112,01/12/2025,12/12/2025,Clinica Dental Tijuana,-,Calle Emiliano Zapata 8042,Zona Centro,Tijuana,Baja California,22000,México,-,80.0,0.0,0.0,80.0,6.4,-0.0,86.4,86.4,
087958211825-153994,Dr. Bojorquez,2795,29/11/2025,05/12/2025,Dr. Luis Bojorquez,-,Fray Servando Teresa de Mier 23,Zona Urbana Rio Tijuana,Tijuana,Baja California,22010,México,-,170.0,0.0,0.0,170.0,0.0,-0.0,170.0,170.0,
087958211825-153993,Dr. Bojorquez,2795,29/11/2025,06/12/2025,Dr. Luis Bojorquez,-,Fray Servando Teresa de Mier 23,Zona Urbana Rio Tijuana,Tijuana,Baja California,22010,México,-,120.0,0.0,0.0,120.0,0.0,-0.0,120.0,120.0,
087958211825-153992,Clinica Dental Paleo,6153,29/11/2025,05/12/2025,Clinica Dental Paleo,-,Flores Magon 1225,Zona Centro,Tijuana,Baja California,22000,México,-,80.0,0.0,0.0,80.0,0.0,-0.0,80.0,80.0,
087958211825-153991,Clinica Dental Tijuana,2112,29/11/2025,05/12/2025,Clinica Dental Tijuana,-,Calle Emiliano Zapata 8042,Zona Centro,Tijuana,Baja California,22000,México,-,75.0,0.0,0.0,75.0,6.0,-0.0,81.0,81.0,
087958211825-153990,Zenzao Smile Studio,800,27/11/2025,06/12/2025,Zenzao Smile Studio,-,Blvd. Alberto Limón Padilla #19058,Nueva Tijuana,Tijuana,Baja California,22444,México,-,85.0,0.0,0.0,85.0,0.0,-0.0,85.0,85.0,
087958211825-153989,Maxilo Dental,6152,26/11/2025,05/12/2025,Maxilo Dental,-,Fray Servando Teresa de Mier 1351-206,Zona Urbana Rio Tijuana,Tijuana,Baja California,22010,México,-,560.0,0.0,0.0,560.0,44.8,-0.0,604.8,604.8,
087958211825-153988,Horizon Dental Group,3297,25/11/2025,"",Horizon Dental Group,-,C. Carrillo Puerto 1536-interior 203,Zona Centro,Tijuana,Baja California,22000,México,-,250.0,0.0,0.0,250.0,0.0,-0.0,250.0,250.0,
087958211825-153987,Dental Angel Smile,7399,25/11/2025,05/12/2025,Dental Angel Smile,-,Av Constitución 1284,Zona Centro,Tijuana,Baja California,22000,México,-,400.0,0.0,0.0,400.0,0.0,-0.0,400.0,400.0,
087958211825-153979,Clinica Dental Integral,4505,24/11/2025,21/11/2025,Clinica Dental Integral,-,Blvrd Gral Rodolfo Sánchez Taboada 1600-Int. 16,Zona Urbana Rio Tijuana,Tijuana,Baja California,22010,México,-,75.0,0.0,0.0,75.0,6.0,-0.0,81.0,81.0,
087958211825-153986,Clinica Dental Tijuana,2112,20/11/2025,28/11/2025,Clinica Dental Tijuana,-,Calle Emiliano Zapata 8042,Zona Centro,Tijuana,Baja California,22000,México,-,75.0,0.0,0.0,75.0,6.0,-0.0,81.0,81.0,
087958211825-153985,Clinica Dental Tijuana,2112,20/11/2025,28/11/2025,Clinica Dental Tijuana,-,Calle Emiliano Zapata 8042,Zona Centro,Tijuana,Baja California,22000,México,-,75.0,0.0,0.0,75.0,6.0,-0.0,81.0,81.0,
087958211825-153984,Clinica Dental Tijuana,2112,20/11/2025,28/11/2025,Clinica Dental Tijuana,-,Calle Emiliano Zapata 8042,Zona Centro,Tijuana,Baja California,22000,México,-,75.0,0.0,0.0,75.0,6.0,-0.0,81.0,81.0,
087958211825-153983,Clinica Dental Integral,4505,20/11/2025,28/11/2025,Clinica Dental Integral,-,Blvrd Gral Rodolfo Sánchez Taboada 1600-Int. 16,Zona Urbana Rio Tijuana,Tijuana,Baja California,22010,México,-,75.0,0.0,0.0,75.0,6.0,-0.0,81.0,81.0,
087958211825-153982,Clinica Dental Integral,4505,20/11/2025,28/11/2025,Clinica Dental Integral,-,Blvrd Gral Rodolfo Sánchez Taboada 1600-Int. 16,Zona Urbana Rio Tijuana,Tijuana,Baja California,22010,México,-,95.0,0.0,0.0,95.0,7.6,-0.0,102.6,102.6,
888161,Horizon Dental Group,3297,15/11/2025,21/11/2025,Horizon Dental Group,-,C. Carrillo Puerto 1536-interior 203,Zona Centro,Tijuana,Baja California,22000,México,-,255.0,0.0,0.0,255.0,0.0,-0.0,255.0,255.0,
087958211825-153981,Clinica Dental Integral,4505,14/11/2025,21/11/2025,Clinica Dental Integral,-,Blvrd Gral Rodolfo Sánchez Taboada 1600-Int. 16,Zona Urbana Rio Tijuana,Tijuana,Baja California,22010,México,-,30.0,0.0,0.0,30.0,2.4,-0.0,32.4,32.4,
087958211825-153980,Clinica Dental Integral,4505,14/11/2025,21/11/2025,Clinica Dental Integral,-,Blvrd Gral Rodolfo Sánchez Taboada 1600-Int. 16,Zona Urbana Rio Tijuana,Tijuana,Baja California,22010,México,-,75.0,0.0,0.0,75.0,6.0,-0.0,81.0,81.0,
087958211825-153978,Clinica Dental Tijuana,2112,12/11/2025,22/11/2025,Clinica Dental Tijuana,-,Calle Emiliano Zapata 8042,Zona Centro,Tijuana,Baja California,22000,México,-,75.0,0.0,0.0,75.0,6.0,-0.0,81.0,81.0,
087958211825-153975,Clinica Dental Integral,4505,12/11/2025,21/11/2025,Clinica Dental Integral,-,Blvrd Gral Rodolfo Sánchez Taboada 1600-Int. 16,Zona Urbana Rio Tijuana,Tijuana,Baja California,22010,México,-,150.0,0.0,0.0,150.0,12.0,-0.0,162.0,162.0,
087958211825-153977,Superdental,1882,11/11/2025,21/11/2025,Superdental,-,Blvd. Agua Caliente 11988-Local 1,Agua Caliente,Tijuana,Baja California,22420,México,-,85.0,0.0,0.0,85.0,0.0,-0.0,85.0,85.0,
087958211825-153976,Maxilo Dental,6152,11/11/2025,21/11/2025,Maxilo Dental,-,Fray Servando Teresa de Mier 1351-206,Zona Urbana Rio Tijuana,Tijuana,Baja California,22010,México,-,90.0,0.0,0.0,90.0,0.0,-0.0,90.0,90.0,
087958211825-153974,Dr. Bojorquez,2795,10/11/2025,"",Dr. Luis Bojorquez,-,Fray Servando Teresa de Mier 23,Zona Urbana Rio Tijuana,Tijuana,Baja California,22010,México,-,85.0,0.0,0.0,85.0,0.0,-0.0,85.0,85.0,
087958211825-153973,Clinica Dental Tijuana,2112,08/11/2025,14/11/2025,Clinica Dental Tijuana,-,Calle Emiliano Zapata 8042,Zona Centro,Tijuana,Baja California,22000,México,-,75.0,0.0,0.0,75.0,6.0,-0.0,81.0,81.0,
087958211825-153972,Real Dental Tijuana,2543,08/11/2025,14/11/2025,Real Dental Tijuana,-,Ignacio Manuel Altamirano 4567,Soler,Tijuana,Baja California,22530,México,-,85.0,0.0,0.0,85.0,0.0,-0.0,85.0,85.0,
087958211825-153971,Real Dental Tijuana,2543,08/11/2025,14/11/2025,Real Dental Tijuana,-,Ignacio Manuel Altamirano 4567,Soler,Tijuana,Baja California,22530,México,-,180.0,0.0,0.0,180.0,0.0,-0.0,180.0,180.0,
087958211825-153970,Dental Angel Smile,7399,07/11/2025,14/11/2025,Dental Angel Smile,-,Av Constitución 1284,Zona Centro,Tijuana,Baja California,22000,México,-,85.0,0.0,0.0,85.0,0.0,-0.0,85.0,85.0,
087958211825-153969,Horizon Dental Group,3297,07/11/2025,14/11/2025,Horizon Dental Group,-,C. Carrillo Puerto 1536-interior 203,Zona Centro,Tijuana,Baja California,22000,México,-,85.0,0.0,0.0,85.0,0.0,-0.0,85.0,85.0,
087958211825-153968,Dr. Bojorquez,2795,07/11/2025,14/11/2025,Dr. Luis Bojorquez,-,Fray Servando Teresa de Mier 23,Zona Urbana Rio Tijuana,Tijuana,Baja California,22010,México,-,260.0,0.0,0.0,260.0,0.0,-0.0,260.0,260.0,
087958211825-153967,Dental Angel Smile,7399,06/11/2025,14/11/2025,Dental Angel Smile,-,Av Constitución 1284,Zona Centro,Tijuana,Baja California,22000,México,-,510.0,0.0,0.0,510.0,0.0,-0.0,510.0,510.0,
087958211825-153966,Dental Bellas Artes,4482,06/11/2025,14/11/2025,Dental Bellas Artes,-,Blvd. de las Bellas Artes 341,Nueva Tijuana,Tijuana,Baja California,22435,México,-,160.0,0.0,0.0,160.0,0.0,-0.0,160.0,160.0,
087958211825-153965,Clinica Dental Tijuana,2112,06/11/2025,14/11/2025,Clinica Dental Tijuana,-,Calle Emiliano Zapata 8042,Zona Centro,Tijuana,Baja California,22000,México,-,75.0,0.0,0.0,75.0,6.0,-0.0,81.0,81.0,
087958211825-153964,Clinica Dental Tijuana,2112,06/11/2025,14/11/2025,Clinica Dental Tijuana,-,Calle Emiliano Zapata 8042,Zona Centro,Tijuana,Baja California,22000,México,-,75.0,0.0,0.0,75.0,6.0,-0.0,81.0,81.0,
087958211825-153963,Clinica Dental Integral,4505,06/11/2025,14/11/2025,Clinica Dental Integral,-,Blvrd Gral Rodolfo Sánchez Taboada 1600-Int. 16,Zona Urbana Rio Tijuana,Tijuana,Baja California,22010,México,-,95.0,0.0,0.0,95.0,6.0,-0.0,101.0,101.0,
087958211825-153962,Zenzao Smile Studio,800,06/11/2025,"",Zenzao Smile Studio,-,Blvd. Alberto Limón Padilla #19058,Nueva Tijuana,Tijuana,Baja California,22444,México,-,75.0,0.0,0.0,75.0,0.0,-0.0,75.0,75.0,
087958211825-153960,Dr. Sergio Duarte,1979,06/11/2025,"",Dr. Sergio Duarte,-,Pastor Ramos 350,Empleados Federales,Tijuana,Baja California,22010,México,-,85.0,0.0,0.0,85.0,0.0,-0.0,85.0,0.0,
087958211825-153953,Dental Studio,6901,06/11/2025,06/11/2025,Dental Studio,-,Calle Emiliano Zapata 7974-3,Zona Centro,Tijuana,Baja California,22000,México,-,150.0,0.0,0.0,150.0,0.0,-0.0,150.0,150.0,
087958211825-153961,Dental Angel Smile,7399,04/11/2025,14/11/2025,Dental Angel Smile,-,Av Constitución 1284,Zona Centro,Tijuana,Baja California,22000,México,-,85.0,0.0,0.0,85.0,0.0,-0.0,85.0,85.0,
087958211825-153958,Dr. Sergio Duarte,1979,04/11/2025,"",Dr. Sergio Duarte,-,Pastor Ramos 350,Empleados Federales,Tijuana,Baja California,22010,México,-,85.0,0.0,0.0,85.0,0.0,-0.0,85.0,0.0,
888160,N/D (factura simplificada),,03/11/2025,"",,,,,,,,,"",140.0,0.0,0.0,140.0,11.2,-0.0,151.2,151.2,
087958211825-153957,Dental Angel Smile,7399,03/11/2025,07/11/2025,Dental Angel Smile,-,Av Constitución 1284,Zona Centro,Tijuana,Baja California,22000,México,-,85.0,0.0,0.0,85.0,0.0,-0.0,85.0,85.0,
087958211825-153955,Orion Dental,8832,03/11/2025,07/11/2025,Orion Dental,-,Calle Emiliano Zapata 7727-int 5,Zona Centro,Tijuana,Baja California,22000,México,-,225.0,0.0,0.0,225.0,0.0,-0.0,225.0,225.0,
087958211825-153956,Clinica Dental Tijuana,2112,01/11/2025,07/11/2025,Clinica Dental Tijuana,-,Calle Emiliano Zapata 8042,Zona Centro,Tijuana,Baja California,22000,México,-,75.0,0.0,0.0,75.0,6.0,-0.0,81.0,81.0,
087958211825-153954,Dr. Bojorquez,2795,31/10/2025,07/11/2025,Dr. Luis Bojorquez,-,Fray Servando Teresa de Mier 23,Zona Urbana Rio Tijuana,Tijuana,Baja California,22010,México,-,1190.0,0.0,0.0,1190.0,0.0,-0.0,1190.0,1190.0,
888159,MEDICA,2565,30/10/2025,"",MEDICA,-,P.º Ensenada 502,Playas de Tijuana Sección Jardines,Tijuana,Baja California,22500,México,-,210.0,0.0,0.0,210.0,0.0,-0.0,210.0,0.0,
087958211825-153952,Dr. Sergio Duarte,1979,30/10/2025,"",Dr. Sergio Duarte,-,Pastor Ramos 350,Empleados Federales,Tijuana,Baja California,22010,México,-,340.0,0.0,0.0,340.0,0.0,-0.0,340.0,0.0,
087958211825-153950,Zenzao Smile Studio,800,30/10/2025,07/11/2025,Zenzao Smile Studio,-,Blvd. Alberto Limón Padilla #19058,Nueva Tijuana,Tijuana,Baja California,22444,México,-,235.0,0.0,0.0,235.0,0.0,-0.0,235.0,235.0,
087958211825-153949,Hola Dental,1931,30/10/2025,07/11/2025,Hola Dental,-,Blvd. Cucapah 21808-interior A,Lomas del Matamoros,Tijuana,Baja California,22206,México,-,85.0,0.0,0.0,85.0,0.0,-0.0,85.0,85.0,
087958211825-153948,Hola Dental,1931,29/10/2025,07/11/2025,Hola Dental,-,Blvd. Cucapah 21808-interior A,Lomas del Matamoros,Tijuana,Baja California,22206,México,-,85.0,0.0,0.0,85.0,0.0,-0.0,85.0,85.0,
087958211825-153947,Horizon Dental Group,3297,28/10/2025,07/11/2025,Horizon Dental Group,-,C. Carrillo Puerto 1536-interior 203,Zona Centro,Tijuana,Baja California,22000,México,-,285.0,0.0,0.0,285.0,0.0,-0.0,285.0,285.0,
888158,Maxilo Dental,6152,27/10/2025,"",Maxilo Dental,-,Fray Servando Teresa de Mier 1351-206,Zona Urbana Rio Tijuana,Tijuana,Baja California,22010,México,-,0.0,0.0,0.0,0.0,0.0,-0.0,0.0,0.0,
087958211825-153946,Dr. Sergio Duarte,1979,27/10/2025,"",Dr. Sergio Duarte,-,Pastor Ramos 350,Empleados Federales,Tijuana,Baja California,22010,México,-,85.0,0.0,0.0,85.0,0.0,-0.0,85.0,0.0,
087958211825-153945,Clinica Dental Integral,4505,25/10/2025,31/10/2025,Clinica Dental Integral,-,Blvrd Gral Rodolfo Sánchez Taboada 1600-Int. 16,Zona Urbana Rio Tijuana,Tijuana,Baja California,22010,México,-,37.5,0.0,0.0,37.5,3.0,-0.0,40.5,40.5,
087958211825-153944,Superdental,1882,25/10/2025,31/10/2025,Superdental,-,Blvd. Agua Caliente 11988-Local 1,Agua Caliente,Tijuana,Baja California,22420,México,-,20.0,0.0,0.0,20.0,0.0,-0.0,20.0,20.0,
087958211825-153943,Superdental,1882,25/10/2025,31/10/2025,Superdental,-,Blvd. Agua Caliente 11988-Local 1,Agua Caliente,Tijuana,Baja California,22420,México,-,20.0,0.0,0.0,20.0,0.0,-0.0,20.0,20.0,
087958211825-153942,Dr. Bojorquez,2795,24/10/2025,31/10/2025,Dr. Luis Bojorquez,-,Fray Servando Teresa de Mier 23,Zona Urbana Rio Tijuana,Tijuana,Baja California,22010,México,-,85.0,0.0,0.0,85.0,0.0,-0.0,85.0,85.0,
087958211825-153941,Dr. Bojorquez,2795,24/10/2025,31/10/2025,Dr. Luis Bojorquez,-,Fray Servando Teresa de Mier 23,Zona Urbana Rio Tijuana,Tijuana,Baja California,22010,México,-,85.0,0.0,0.0,85.0,0.0,-0.0,85.0,85.0,
087958211825-153940,Clinica Dental Tijuana,2112,24/10/2025,31/10/2025,Clinica Dental Tijuana,-,Calle Emiliano Zapata 8042,Zona Centro,Tijuana,Baja California,22000,México,-,75.0,0.0,0.0,75.0,6.0,-0.0,81.0,81.0,
087958211825-153939,Clinica Dental Paleo,6153,24/10/2025,31/10/2025,Clinica Dental Paleo,-,Flores Magon 1225,Zona Centro,Tijuana,Baja California,22000,México,-,40.0,0.0,0.0,40.0,0.0,-0.0,40.0,40.0,
087958211825-153938,Clinica Dental Integral,4505,23/10/2025,31/10/2025,Clinica Dental Integral,-,Blvrd Gral Rodolfo Sánchez Taboada 1600-Int. 16,Zona Urbana Rio Tijuana,Tijuana,Baja California,22010,México,-,150.0,0.0,0.0,150.0,0.0,-0.0,150.0,150.0,
087958211825-153937,Clinica Dental Integral,4505,23/10/2025,31/10/2025,Clinica Dental Integral,-,Blvrd Gral Rodolfo Sánchez Taboada 1600-Int. 16,Zona Urbana Rio Tijuana,Tijuana,Baja California,22010,México,-,525.0,0.0,0.0,525.0,0.0,-0.0,525.0,525.0,
087958211825-153936,Hola Dental,1931,23/10/2025,31/10/2025,Hola Dental,-,Blvd. Cucapah 21808-interior A,Lomas del Matamoros,Tijuana,Baja California,22206,México,-,340.0,0.0,0.0,340.0,0.0,-0.0,340.0,340.0,
087958211825-153935,Dental Angel Smile,7399,23/10/2025,31/10/2025,Dental Angel Smile,-,Av Constitución 1284,Zona Centro,Tijuana,Baja California,22000,México,-,510.0,0.0,0.0,510.0,0.0,-0.0,510.0,510.0,
087958211825-153934,Dr. Sergio Duarte,1979,21/10/2025,"",Dr. Sergio Duarte,-,Pastor Ramos 350,Empleados Federales,Tijuana,Baja California,22010,México,-,20.0,0.0,0.0,20.0,0.0,-0.0,20.0,0.0,
087958211825-153933,Real Dental Tijuana,2543,20/10/2025,31/10/2025,Real Dental Tijuana,-,Ignacio Manuel Altamirano 4567,Soler,Tijuana,Baja California,22530,México,-,150.0,0.0,0.0,150.0,0.0,-0.0,150.0,150.0,
087958211825-153932,Horizon Dental Group,3297,18/10/2025,24/10/2025,Horizon Dental Group,-,C. Carrillo Puerto 1536-interior 203,Zona Centro,Tijuana,Baja California,22000,México,-,85.0,0.0,0.0,85.0,0.0,-0.0,85.0,85.0,
087958211825-153931,Horizon Dental Group,3297,18/10/2025,24/10/2025,Horizon Dental Group,-,C. Carrillo Puerto 1536-interior 203,Zona Centro,Tijuana,Baja California,22000,México,-,170.0,0.0,0.0,170.0,0.0,-0.0,170.0,170.0,
087958211825-153930,Dr. Bojorquez,2795,17/10/2025,24/10/2025,Dr. Luis Bojorquez,-,Fray Servando Teresa de Mier 23,Zona Urbana Rio Tijuana,Tijuana,Baja California,22010,México,-,450.0,0.0,0.0,450.0,0.0,-0.0,450.0,450.0,
087958211825-153929,Superdental,1882,17/10/2025,24/10/2025,Superdental,-,Blvd. Agua Caliente 11988-Local 1,Agua Caliente,Tijuana,Baja California,22420,México,-,50.0,0.0,0.0,50.0,0.0,-0.0,50.0,50.0,
087958211825-153928,Clinica Dental Integral,4505,16/10/2025,24/10/2025,Clinica Dental Integral,-,Blvrd Gral Rodolfo Sánchez Taboada 1600-Int. 16,Zona Urbana Rio Tijuana,Tijuana,Baja California,22010,México,-,330.0,0.0,0.0,330.0,6.0,-0.0,336.0,336.0,
087958211825-153927,Clinica Dental Paleo,6153,14/10/2025,24/10/2025,Clinica Dental Paleo,-,Flores Magon 1225,Zona Centro,Tijuana,Baja California,22000,México,-,80.0,0.0,0.0,80.0,0.0,-0.0,80.0,80.0,
087958211825-153926,Clinica Dental Tijuana,2112,14/10/2025,24/10/2025,Clinica Dental Tijuana,-,Calle Emiliano Zapata 8042,Zona Centro,Tijuana,Baja California,22000,México,-,75.0,0.0,0.0,75.0,6.0,-0.0,81.0,81.0,
087958211825-153925,Horizon Dental Group,3297,14/10/2025,24/10/2025,Horizon Dental Group,-,C. Carrillo Puerto 1536-interior 203,Zona Centro,Tijuana,Baja California,22000,México,-,170.0,0.0,0.0,170.0,0.0,-0.0,170.0,170.0,
087958211825-153924,Real Dental Tijuana,2543,11/10/2025,17/10/2025,Real Dental Tijuana,-,Ignacio Manuel Altamirano 4567,Soler,Tijuana,Baja California,22530,México,-,75.0,0.0,0.0,75.0,0.0,-0.0,75.0,75.0,
087958211825-153923,Clinica Dental Tijuana,2112,11/10/2025,17/10/2025,Clinica Dental Tijuana,-,Calle Emiliano Zapata 8042,Zona Centro,Tijuana,Baja California,22000,México,-,75.0,0.0,0.0,75.0,6.0,-0.0,81.0,81.0,
087958211825-153922,Clinica Dental Tijuana,2112,10/10/2025,17/10/2025,Clinica Dental Tijuana,-,Calle Emiliano Zapata 8042,Zona Centro,Tijuana,Baja California,22000,México,-,150.0,0.0,0.0,150.0,12.0,-0.0,162.0,162.0,
087958211825-153921,Dr. Sergio Duarte,1979,10/10/2025,"",Dr. Sergio Duarte,-,Pastor Ramos 350,Empleados Federales,Tijuana,Baja California,22010,México,-,20.0,0.0,0.0,20.0,0.0,-0.0,20.0,0.0,
087958211825-153920,Zenzao Smile Studio,800,10/10/2025,17/10/2025,Zenzao Smile Studio,-,Blvd. Alberto Limón Padilla #19058,Nueva Tijuana,Tijuana,Baja California,22444,México,-,225.0,0.0,0.0,225.0,0.0,-0.0,225.0,225.0,
087958211825-153919,Clinica Dental Tijuana,2112,09/10/2025,17/10/2025,Clinica Dental Tijuana,-,Calle Emiliano Zapata 8042,Zona Centro,Tijuana,Baja California,22000,México,-,75.0,0.0,0.0,75.0,6.0,-0.0,81.0,81.0,
087958211825-153918,Clinica Dental Integral,4505,09/10/2025,17/10/2025,Clinica Dental Integral,-,Blvrd Gral Rodolfo Sánchez Taboada 1600-Int. 16,Zona Urbana Rio Tijuana,Tijuana,Baja California,22010,México,-,225.0,0.0,5.33,213.0,0.0,-0.0,213.0,213.0,
087958211825-153917,Maxilo Dental,6152,07/10/2025,17/10/2025,Maxilo Dental,-,Fray Servando Teresa de Mier 1351-206,Zona Urbana Rio Tijuana,Tijuana,Baja California,22010,México,-,75.0,0.0,0.0,75.0,0.0,-0.0,75.0,75.0,
087958211825-153916,Clinica Dental Integral,4505,07/10/2025,17/10/2025,Clinica Dental Integral,-,Blvrd Gral Rodolfo Sánchez Taboada 1600-Int. 16,Zona Urbana Rio Tijuana,Tijuana,Baja California,22010,México,-,80.0,0.0,0.0,80.0,6.4,-0.0,86.4,86.4,
087958211825-153915,Dr. Bojorquez,2795,07/10/2025,"",Dr. Luis Bojorquez,-,Fray Servando Teresa de Mier 23,Zona Urbana Rio Tijuana,Tijuana,Baja California,22010,México,-,85.0,0.0,0.0,85.0,0.0,-0.0,85.0,85.0,
087958211825-153914,Dr. Bojorquez,2795,07/10/2025,17/10/2025,Dr. Luis Bojorquez,-,Fray Servando Teresa de Mier 23,Zona Urbana Rio Tijuana,Tijuana,Baja California,22010,México,-,90.0,0.0,0.0,90.0,0.0,-0.0,90.0,90.0,
087958211825-153913,Dr. Bojorquez,2795,07/10/2025,17/10/2025,Dr. Luis Bojorquez,-,Fray Servando Teresa de Mier 23,Zona Urbana Rio Tijuana,Tijuana,Baja California,22010,México,-,45.0,0.0,0.0,45.0,0.0,-0.0,45.0,45.0,
087958211825-153912,Clinica Dental Integral,4505,07/10/2025,"",Clinica Dental Integral,-,Blvrd Gral Rodolfo Sánchez Taboada 1600-Int. 16,Zona Urbana Rio Tijuana,Tijuana,Baja California,22010,México,-,25.0,0.0,0.0,25.0,0.0,-0.0,25.0,25.0,
087958211825-153911,Dental Studio,6901,04/10/2025,10/10/2025,Dental Studio,-,Calle Emiliano Zapata 7974-3,Zona Centro,Tijuana,Baja California,22000,México,-,150.0,0.0,0.0,150.0,12.0,-0.0,162.0,162.0,
087958211825-153910,Clinica Dental Integral,4505,03/10/2025,10/10/2025,Clinica Dental Integral,-,Blvrd Gral Rodolfo Sánchez Taboada 1600-Int. 16,Zona Urbana Rio Tijuana,Tijuana,Baja California,22010,México,-,150.0,0.0,0.0,150.0,12.0,-0.0,162.0,162.0,
087958211825-153909,Clinica Dental Integral,4505,03/10/2025,10/10/2025,Clinica Dental Integral,-,Blvrd Gral Rodolfo Sánchez Taboada 1600-Int. 16,Zona Urbana Rio Tijuana,Tijuana,Baja California,22010,México,-,75.0,0.0,0.0,75.0,6.0,-0.0,81.0,81.0,
087958211825-153908,Maxilo Dental,6152,03/10/2025,10/10/2025,Maxilo Dental,-,Fray Servando Teresa de Mier 1351-206,Zona Urbana Rio Tijuana,Tijuana,Baja California,22010,México,-,160.0,0.0,0.0,160.0,0.0,-0.0,160.0,160.0,
087958211825-153907,Maxilo Dental,6152,03/10/2025,10/10/2025,Maxilo Dental,-,Fray Servando Teresa de Mier 1351-206,Zona Urbana Rio Tijuana,Tijuana,Baja California,22010,México,-,85.0,0.0,0.0,85.0,0.0,-0.0,85.0,85.0,
087958211825-153906,Maxilo Dental,6152,03/10/2025,10/10/2025,Maxilo Dental,-,Fray Servando Teresa de Mier 1351-206,Zona Urbana Rio Tijuana,Tijuana,Baja California,22010,México,-,85.0,0.0,0.0,85.0,0.0,-0.0,85.0,85.0,
087958211825-153905,Clinica Dental Tijuana,2112,02/10/2025,10/10/2025,Clinica Dental Tijuana,-,Calle Emiliano Zapata 8042,Zona Centro,Tijuana,Baja California,22000,México,-,150.0,0.0,0.0,150.0,12.0,-0.0,162.0,162.0,
087958211825-153904,Dr. Bojorquez,2795,02/10/2025,10/10/2025,Dr. Luis Bojorquez,-,Fray Servando Teresa de Mier 23,Zona Urbana Rio Tijuana,Tijuana,Baja California,22010,México,-,85.0,0.0,0.0,85.0,0.0,-0.0,85.0,85.0,
087958211825-153903,Superdental,1882,02/10/2025,10/10/2025,Superdental,-,Blvd. Agua Caliente 11988-Local 1,Agua Caliente,Tijuana,Baja California,22420,México,-,75.0,0.0,0.0,75.0,0.0,-0.0,75.0,75.0,
087958211825-153902,Clinica Dental Integral,4505,02/10/2025,10/10/2025,Clinica Dental Integral,-,Blvrd Gral Rodolfo Sánchez Taboada 1600-Int. 16,Zona Urbana Rio Tijuana,Tijuana,Baja California,22010,México,-,75.0,0.0,0.0,75.0,6.0,-0.0,81.0,81.0,
087958211825-153901,Maxilo Dental,6152,01/10/2025,"",Maxilo Dental,-,Fray Servando Teresa de Mier 1351-206,Zona Urbana Rio Tijuana,Tijuana,Baja California,22010,México,-,1000.0,0.0,0.0,1000.0,0.0,-0.0,1000.0,1000.0,
087958211825-153900,Hola Dental,1931,01/10/2025,10/10/2025,Hola Dental,-,Blvd. Cucapah 21808-interior A,Lomas del Matamoros,Tijuana,Baja California,22206,México,-,180.0,0.0,5.56,170.0,0.0,-0.0,170.0,170.0,
087958211825-153899,Hola Dental,1931,01/10/2025,10/10/2025,Hola Dental,-,Blvd. Cucapah 21808-interior A,Lomas del Matamoros,Tijuana,Baja California,22206,México,-,90.0,0.0,0.0,90.0,0.0,-0.0,90.0,90.0,
087958211825-153898,Clinica Dental Integral,4505,30/09/2025,10/10/2025,Clinica Dental Integral,-,Blvrd Gral Rodolfo Sánchez Taboada 1600-Int. 16,Zona Urbana Rio Tijuana,Tijuana,Baja California,22010,México,-,85.0,0.0,0.0,85.0,0.0,-0.0,85.0,85.0,
087958211825-153897,Clinica Dental Integral,4505,29/09/2025,10/10/2025,Clinica Dental Integral,-,Blvrd Gral Rodolfo Sánchez Taboada 1600-Int. 16,Zona Urbana Rio Tijuana,Tijuana,Baja California,22010,México,-,160.0,0.0,0.0,160.0,0.0,-0.0,160.0,160.0,
087958211825-153896,Dr. Bojorquez,2795,27/09/2025,03/10/2025,Dr. Luis Bojorquez,-,Fray Servando Teresa de Mier 23,Zona Urbana Rio Tijuana,Tijuana,Baja California,22010,México,-,85.0,0.0,0.0,85.0,0.0,-0.0,85.0,85.0,
087958211825-153895,Dental Angel Smile,7399,27/09/2025,03/10/2025,Dental Angel Smile,-,Av Constitución 1284,Zona Centro,Tijuana,Baja California,22000,México,-,595.0,0.0,0.0,595.0,0.0,-0.0,595.0,595.0,
087958211825-153894,Maxilo Dental,6152,27/09/2025,03/10/2025,Maxilo Dental,-,Fray Servando Teresa de Mier 1351-206,Zona Urbana Rio Tijuana,Tijuana,Baja California,22010,México,-,320.0,0.0,0.0,320.0,25.6,-0.0,345.6,345.6,
087958211825-153893,Real Dental Tijuana,2543,26/09/2025,"",Real Dental Tijuana,-,Ignacio Manuel Altamirano 4567,Soler,Tijuana,Baja California,22530,México,-,90.0,0.0,0.0,90.0,0.0,-0.0,90.0,90.0,
087958211825-153892,Clinica Dental Tijuana,2112,26/09/2025,03/10/2025,Clinica Dental Tijuana,-,Calle Emiliano Zapata 8042,Zona Centro,Tijuana,Baja California,22000,México,-,340.0,0.0,0.0,340.0,27.2,-0.0,367.2,367.2,
087958211825-153891,Clinica Dental Integral,4505,25/09/2025,03/10/2025,Clinica Dental Integral,-,Blvrd Gral Rodolfo Sánchez Taboada 1600-Int. 16,Zona Urbana Rio Tijuana,Tijuana,Baja California,22010,México,-,150.0,0.0,0.0,150.0,0.0,-0.0,150.0,150.0,
087958211825-153890,Clinica Dental Tijuana,2112,25/09/2025,03/10/2025,Clinica Dental Tijuana,-,Calle Emiliano Zapata 8042,Zona Centro,Tijuana,Baja California,22000,México,-,75.0,0.0,0.0,75.0,6.0,-0.0,81.0,81.0,
087958211825-153889,Real Dental Tijuana,2543,25/09/2025,03/10/2025,Real Dental Tijuana,-,Ignacio Manuel Altamirano 4567,Soler,Tijuana,Baja California,22530,México,-,600.0,0.0,0.0,600.0,0.0,-0.0,600.0,600.0,
087958211825-153888,Dental Studio,6901,24/09/2025,03/10/2025,Dental Studio,-,Calle Emiliano Zapata 7974-3,Zona Centro,Tijuana,Baja California,22000,México,-,180.0,0.0,0.0,180.0,0.0,-0.0,180.0,180.0,
087958211825-153887,Real Dental Tijuana,2543,24/09/2025,03/10/2025,Real Dental Tijuana,-,Ignacio Manuel Altamirano 4567,Soler,Tijuana,Baja California,22530,México,-,75.0,0.0,0.0,75.0,0.0,-0.0,75.0,75.0,
087958211825-153886,Hola Dental,1931,24/09/2025,03/10/2025,Hola Dental,-,Blvd. Cucapah 21808-interior A,Lomas del Matamoros,Tijuana,Baja California,22206,México,-,160.0,0.0,0.0,160.0,0.0,-0.0,160.0,160.0,
087958211825-153885,Hola Dental,1931,20/09/2025,26/09/2025,Hola Dental,-,Blvd. Cucapah 21808-interior A,Lomas del Matamoros,Tijuana,Baja California,22206,México,-,80.0,0.0,0.0,80.0,0.0,-0.0,80.0,80.0,
087958211825-153884,Zenzao Smile Studio,800,20/09/2025,26/09/2025,Zenzao Smile Studio,-,Blvd. Alberto Limón Padilla #19058,Nueva Tijuana,Tijuana,Baja California,22444,México,-,75.0,0.0,0.0,75.0,0.0,-0.0,75.0,75.0,
087958211825-153883,Orion Dental,8832,19/09/2025,26/09/2025,Orion Dental,-,Calle Emiliano Zapata 7727-int 5,Zona Centro,Tijuana,Baja California,22000,México,-,90.0,0.0,0.0,90.0,0.0,-0.0,90.0,90.0,
087958211825-153882,Clinica Dental Tijuana,2112,18/09/2025,26/09/2025,Clinica Dental Tijuana,-,Calle Emiliano Zapata 8042,Zona Centro,Tijuana,Baja California,22000,México,-,150.0,0.0,0.0,150.0,12.0,-0.0,162.0,162.0,
087958211825-153881,Clinica Dental Tijuana,2112,18/09/2025,26/09/2025,Clinica Dental Tijuana,-,Calle Emiliano Zapata 8042,Zona Centro,Tijuana,Baja California,22000,México,-,75.0,0.0,0.0,75.0,6.0,-0.0,81.0,81.0,
087958211825-153880,Clinica Dental Tijuana,2112,18/09/2025,26/09/2025,Clinica Dental Tijuana,-,Calle Emiliano Zapata 8042,Zona Centro,Tijuana,Baja California,22000,México,-,37.0,0.0,0.0,37.0,2.96,-0.0,39.96,39.96,
087958211825-153879,Maxilo Dental,6152,18/09/2025,26/09/2025,Maxilo Dental,-,Fray Servando Teresa de Mier 1351-206,Zona Urbana Rio Tijuana,Tijuana,Baja California,22010,México,-,175.0,0.0,0.0,175.0,0.0,-0.0,175.0,175.0,
R-00037,Superdental,1882,18/09/2025,26/09/2025,Superdental,-,Blvd. Agua Caliente 11988-Local 1,Agua Caliente,Tijuana,Baja California,22420,México,-,240.0,0.0,0.0,240.0,0.0,-0.0,240.0,240.0,
R-00036,Superdental,1882,18/09/2025,"",Superdental,-,Blvd. Agua Caliente 11988-Local 1,Agua Caliente,Tijuana,Baja California,22420,México,-,240.0,0.0,0.0,240.0,0.0,-0.0,240.0,240.0,
087958211825-153878,Dental Angel Smile,7399,17/09/2025,26/09/2025,Dental Angel Smile,-,Av Constitución 1284,Zona Centro,Tijuana,Baja California,22000,México,-,85.0,0.0,0.0,85.0,0.0,-0.0,85.0,85.0,
087958211825-153877,Zenzao Smile Studio,800,13/09/2025,19/09/2025,Zenzao Smile Studio,-,Blvd. Alberto Limón Padilla #19058,Nueva Tijuana,Tijuana,Baja California,22444,México,-,75.0,0.0,0.0,75.0,0.0,-0.0,75.0,75.0,
R-00035,Clinica Dental Paleo,6153,13/09/2025,19/09/2025,Clinica Dental Paleo,-,Flores Magon 1225,Zona Centro,Tijuana,Baja California,22000,México,-,210.0,0.0,28.57,150.0,0.0,-0.0,150.0,150.0,
087958211825-153876,Clinica Dental Integral,4505,12/09/2025,19/09/2025,Clinica Dental Integral,-,Blvrd Gral Rodolfo Sánchez Taboada 1600-Int. 16,Zona Urbana Rio Tijuana,Tijuana,Baja California,22010,México,-,150.0,0.0,0.0,150.0,12.0,-0.0,162.0,162.0,
087958211825-153875,Clinica Dental Integral,4505,12/09/2025,19/09/2025,Clinica Dental Integral,-,Blvrd Gral Rodolfo Sánchez Taboada 1600-Int. 16,Zona Urbana Rio Tijuana,Tijuana,Baja California,22010,México,-,150.0,0.0,0.0,150.0,12.0,-0.0,162.0,162.0,
087958211825-153874,Dr. Bojorquez,2795,11/09/2025,19/09/2025,Dr. Luis Bojorquez,-,Fray Servando Teresa de Mier 23,Zona Urbana Rio Tijuana,Tijuana,Baja California,22010,México,-,75.0,0.0,0.0,75.0,0.0,-0.0,75.0,75.0,
087958211825-153873,Dr. Bojorquez,2795,11/09/2025,19/09/2025,Dr. Luis Bojorquez,-,Fray Servando Teresa de Mier 23,Zona Urbana Rio Tijuana,Tijuana,Baja California,22010,México,-,85.0,0.0,0.0,85.0,0.0,-0.0,85.0,85.0,
087958211825-153872,Horizon Dental Group,3297,11/09/2025,19/09/2025,Horizon Dental Group,-,C. Carrillo Puerto 1536-interior 203,Zona Centro,Tijuana,Baja California,22000,México,-,255.0,0.0,0.0,255.0,0.0,-0.0,255.0,255.0,
087958211825-153871,MEDICA,2565,11/09/2025,"",MEDICA,-,P.º Ensenada 502,Playas de Tijuana Sección Jardines,Tijuana,Baja California,22500,México,-,85.0,0.0,0.0,85.0,0.0,-0.0,85.0,0.0,
087958211825-153870,Clinica Dental Integral,4505,09/09/2025,19/09/2025,Clinica Dental Integral,-,Blvrd Gral Rodolfo Sánchez Taboada 1600-Int. 16,Zona Urbana Rio Tijuana,Tijuana,Baja California,22010,México,-,115.0,0.0,0.0,115.0,0.0,-0.0,115.0,115.0,
087958211825-153869,Clinica Dental Integral,4505,08/09/2025,19/09/2025,Clinica Dental Integral,-,Blvrd Gral Rodolfo Sánchez Taboada 1600-Int. 16,Zona Urbana Rio Tijuana,Tijuana,Baja California,22010,México,-,75.0,0.0,0.0,75.0,0.0,-0.0,75.0,75.0,
087958211825-153868,Clinica Dental Integral,4505,08/09/2025,19/09/2025,Clinica Dental Integral,-,Blvrd Gral Rodolfo Sánchez Taboada 1600-Int. 16,Zona Urbana Rio Tijuana,Tijuana,Baja California,22010,México,-,75.0,0.0,0.0,75.0,0.0,-0.0,75.0,75.0,
087958211825-153867,Real Dental Tijuana,2543,08/09/2025,19/09/2025,Real Dental Tijuana,-,Ignacio Manuel Altamirano 4567,Soler,Tijuana,Baja California,22530,México,-,75.0,0.0,0.0,75.0,0.0,-0.0,75.0,75.0,
087958211825-153866,Clinica Dental Integral,4505,05/09/2025,12/09/2025,Clinica Dental Integral,-,Blvrd Gral Rodolfo Sánchez Taboada 1600-Int. 16,Zona Urbana Rio Tijuana,Tijuana,Baja California,22010,México,-,85.0,0.0,0.0,85.0,0.0,-0.0,85.0,85.0,
087958211825-153865,Clinica Dental Integral,4505,05/09/2025,12/09/2025,Clinica Dental Integral,-,Blvrd Gral Rodolfo Sánchez Taboada 1600-Int. 16,Zona Urbana Rio Tijuana,Tijuana,Baja California,22010,México,-,85.0,0.0,0.0,85.0,0.0,-0.0,85.0,85.0,
087958211825-153864,Horizon Dental Group,3297,05/09/2025,12/09/2025,Horizon Dental Group,-,C. Carrillo Puerto 1536-interior 203,Zona Centro,Tijuana,Baja California,22000,México,-,85.0,0.0,0.0,85.0,0.0,-0.0,85.0,85.0,
087958211825-153863,Horizon Dental Group,3297,05/09/2025,12/09/2025,Horizon Dental Group,-,C. Carrillo Puerto 1536-interior 203,Zona Centro,Tijuana,Baja California,22000,México,-,320.0,0.0,0.0,320.0,0.0,-0.0,320.0,320.0,
087958211825-153862,Clinica Dental Tijuana,2112,04/09/2025,12/09/2025,Clinica Dental Tijuana,-,Calle Emiliano Zapata 8042,Zona Centro,Tijuana,Baja California,22000,México,-,150.0,0.0,0.0,150.0,12.0,-0.0,162.0,162.0,
087958211825-153861,Clinica Dental Tijuana,2112,04/09/2025,12/09/2025,Clinica Dental Tijuana,-,Calle Emiliano Zapata 8042,Zona Centro,Tijuana,Baja California,22000,México,-,150.0,0.0,0.0,150.0,12.0,-0.0,162.0,162.0,
087958211825-153860,Clinica Dental Integral,4505,04/09/2025,12/09/2025,Clinica Dental Integral,-,Blvrd Gral Rodolfo Sánchez Taboada 1600-Int. 16,Zona Urbana Rio Tijuana,Tijuana,Baja California,22010,México,-,150.0,0.0,0.0,150.0,0.0,-0.0,150.0,150.0,
087958211825-153859,Real Dental Tijuana,2543,04/09/2025,12/09/2025,Real Dental Tijuana,-,Ignacio Manuel Altamirano 4567,Soler,Tijuana,Baja California,22530,México,-,90.0,0.0,0.0,90.0,0.0,-0.0,90.0,90.0,
087958211825-153858,Dental Studio,6901,03/09/2025,12/09/2025,Dental Studio,-,Calle Emiliano Zapata 7974-3,Zona Centro,Tijuana,Baja California,22000,México,-,80.0,0.0,0.0,80.0,0.0,-0.0,80.0,80.0,
087958211825-153857,Dental Studio,6901,03/09/2025,12/09/2025,Dental Studio,-,Calle Emiliano Zapata 7974-3,Zona Centro,Tijuana,Baja California,22000,México,-,155.0,0.0,0.0,155.0,0.0,-0.0,155.0,155.0,
087958211825-153856,Clinica Dental Tijuana,2112,02/09/2025,12/09/2025,Clinica Dental Tijuana,-,Calle Emiliano Zapata 8042,Zona Centro,Tijuana,Baja California,22000,México,-,10.0,0.0,0.0,10.0,0.8,-0.0,10.8,10.8,
087958211825-153855,Real Dental Tijuana,2543,01/09/2025,12/09/2025,Real Dental Tijuana,-,Ignacio Manuel Altamirano 4567,Soler,Tijuana,Baja California,22530,México,-,180.0,0.0,0.0,180.0,0.0,-0.0,180.0,180.0,
087958211825-153854,Zenzao Smile Studio,800,30/08/2025,"",Zenzao Smile Studio,-,Blvd. Alberto Limón Padilla #19058,Nueva Tijuana,Tijuana,Baja California,22444,México,-,75.0,0.0,0.0,75.0,0.0,-0.0,75.0,75.0,
087958211825-153853,Horizon Dental Group,3297,30/08/2025,05/09/2025,Horizon Dental Group,-,C. Carrillo Puerto 1536-interior 203,Zona Centro,Tijuana,Baja California,22000,México,-,165.0,0.0,0.0,165.0,0.0,-0.0,165.0,165.0,
087958211825-153852,Horizon Dental Group,3297,30/08/2025,05/09/2025,Horizon Dental Group,-,C. Carrillo Puerto 1536-interior 203,Zona Centro,Tijuana,Baja California,22000,México,-,170.0,0.0,0.0,170.0,0.0,-0.0,170.0,170.0,
087958211825-153851,Maxilo Dental,6152,30/08/2025,05/09/2025,Maxilo Dental,-,Fray Servando Teresa de Mier 1351-206,Zona Urbana Rio Tijuana,Tijuana,Baja California,22010,México,-,160.0,0.0,0.0,160.0,0.0,-0.0,160.0,160.0,
087958211825-153849,Dental Angel Smile,7399,30/08/2025,"",Dental Angel Smile,-,Av Constitución 1284,Zona Centro,Tijuana,Baja California,22000,México,-,170.0,0.0,0.0,170.0,0.0,-0.0,170.0,170.0,
087958211825-153850,Clinica Dental Tijuana,2112,29/08/2025,05/09/2025,Clinica Dental Tijuana,-,Calle Emiliano Zapata 8042,Zona Centro,Tijuana,Baja California,22000,México,-,37.5,0.0,0.0,37.5,3.0,-0.0,40.5,40.5,
087958211825-153848,Clinica Dental Integral,4505,29/08/2025,05/09/2025,Clinica Dental Integral,-,Blvrd Gral Rodolfo Sánchez Taboada 1600-Int. 16,Zona Urbana Rio Tijuana,Tijuana,Baja California,22010,México,-,75.0,0.0,0.0,75.0,6.0,-0.0,81.0,81.0,
087958211825-153847,Clinica Dental Integral,4505,28/08/2025,05/09/2025,Clinica Dental Integral,-,Blvrd Gral Rodolfo Sánchez Taboada 1600-Int. 16,Zona Urbana Rio Tijuana,Tijuana,Baja California,22010,México,-,375.0,0.0,0.0,375.0,30.0,-0.0,405.0,405.0,
087958211825-153846,Real Dental Tijuana,2543,28/08/2025,05/09/2025,Real Dental Tijuana,-,Ignacio Manuel Altamirano 4567,Soler,Tijuana,Baja California,22530,México,-,75.0,0.0,0.0,75.0,0.0,-0.0,75.0,75.0,
087958211825-153845,Zenzao Smile Studio,800,27/08/2025,05/09/2025,Zenzao Smile Studio,-,Blvd. Alberto Limón Padilla #19058,Nueva Tijuana,Tijuana,Baja California,22444,México,-,150.0,0.0,0.0,150.0,0.0,-0.0,150.0,150.0,
087958211825-153844,Zenzao Smile Studio,800,27/08/2025,05/09/2025,Zenzao Smile Studio,-,Blvd. Alberto Limón Padilla #19058,Nueva Tijuana,Tijuana,Baja California,22444,México,-,75.0,0.0,0.0,75.0,6.0,-0.0,81.0,81.0,
087958211825-153843,Zenzao Smile Studio,800,27/08/2025,05/09/2025,Zenzao Smile Studio,-,Blvd. Alberto Limón Padilla #19058,Nueva Tijuana,Tijuana,Baja California,22444,México,-,375.0,0.0,0.0,375.0,0.0,-0.0,375.0,375.0,
087958211825-153842,Zenzao Smile Studio,800,27/08/2025,05/09/2025,Zenzao Smile Studio,-,Blvd. Alberto Limón Padilla #19058,Nueva Tijuana,Tijuana,Baja California,22444,México,-,465.0,0.0,0.0,465.0,0.0,-0.0,465.0,465.0,
087958211825-153841,Real Dental Tijuana,2543,27/08/2025,05/09/2025,Real Dental Tijuana,-,Ignacio Manuel Altamirano 4567,Soler,Tijuana,Baja California,22530,México,-,75.0,0.0,0.0,75.0,0.0,-0.0,75.0,75.0,
087958211825-153840,Dr. Bojorquez,2795,25/08/2025,05/09/2025,Dr. Luis Bojorquez,-,Fray Servando Teresa de Mier 23,Zona Urbana Rio Tijuana,Tijuana,Baja California,22010,México,-,900.0,0.0,0.0,900.0,0.0,-0.0,900.0,900.0,
087958211825-153839,Real Dental Tijuana,2543,23/08/2025,29/08/2025,Real Dental Tijuana,-,Ignacio Manuel Altamirano 4567,Soler,Tijuana,Baja California,22530,México,-,75.0,0.0,0.0,75.0,0.0,-0.0,75.0,75.0,
888157,Real Dental Tijuana,2543,22/08/2025,"",Real Dental Tijuana,-,Ignacio Manuel Altamirano 4567,Soler,Tijuana,Baja California,22530,México,-,90.0,0.0,100.0,0.0,0.0,-0.0,0.0,0.0,
087958211825-153826,Real Dental Tijuana,2543,22/08/2025,29/08/2025,Real Dental Tijuana,-,Ignacio Manuel Altamirano 4567,Soler,Tijuana,Baja California,22530,México,-,375.0,0.0,0.0,375.0,0.0,-0.0,375.0,375.0,
087958211825-153837,Maxilo Dental,6152,21/08/2025,29/08/2025,Maxilo Dental,-,Fray Servando Teresa de Mier 1351-206,Zona Urbana Rio Tijuana,Tijuana,Baja California,22010,México,-,170.0,0.0,0.0,170.0,0.0,-0.0,170.0,170.0,
087958211825-153836,Maxilo Dental,6152,21/08/2025,29/08/2025,Maxilo Dental,-,Fray Servando Teresa de Mier 1351-206,Zona Urbana Rio Tijuana,Tijuana,Baja California,22010,México,-,150.0,0.0,0.0,150.0,0.0,-0.0,150.0,150.0,
087958211825-153835,Superdental,1882,21/08/2025,21/08/2025,Superdental,-,Blvd. Agua Caliente 11988-Local 1,Agua Caliente,Tijuana,Baja California,22420,México,-,85.0,0.0,0.0,85.0,0.0,-0.0,85.0,85.0,
087958211825-153834,Horizon Dental Group,3297,21/08/2025,29/08/2025,Horizon Dental Group,-,C. Carrillo Puerto 1536-interior 203,Zona Centro,Tijuana,Baja California,22000,México,-,85.0,0.0,0.0,85.0,0.0,-0.0,85.0,85.0,
087958211825-153833,Real Dental Tijuana,2543,20/08/2025,29/08/2025,Real Dental Tijuana,-,Ignacio Manuel Altamirano 4567,Soler,Tijuana,Baja California,22530,México,-,75.0,0.0,0.0,75.0,0.0,-0.0,75.0,75.0,
087958211825-153832,Superdental,1882,20/08/2025,29/08/2025,Superdental,-,Blvd. Agua Caliente 11988-Local 1,Agua Caliente,Tijuana,Baja California,22420,México,-,225.0,0.0,0.0,225.0,0.0,-0.0,225.0,225.0,
087958211825-153831,Clinica Dental Tijuana,2112,20/08/2025,29/08/2025,Clinica Dental Tijuana,-,Calle Emiliano Zapata 8042,Zona Centro,Tijuana,Baja California,22000,México,-,85.0,0.0,0.0,85.0,6.0,-0.0,91.0,91.0,
087958211825-153829,Real Dental Tijuana,2543,20/08/2025,29/08/2025,Real Dental Tijuana,-,Ignacio Manuel Altamirano 4567,Soler,Tijuana,Baja California,22530,México,-,75.0,0.0,0.0,75.0,0.0,-0.0,75.0,75.0,
087958211825-153828,Clinica Dental Integral,4505,19/08/2025,29/08/2025,Clinica Dental Integral,-,Blvrd Gral Rodolfo Sánchez Taboada 1600-Int. 16,Zona Urbana Rio Tijuana,Tijuana,Baja California,22010,México,-,170.0,0.0,0.0,170.0,13.6,-0.0,183.6,183.6,
087958211825-153827,Maxilo Dental,6152,15/08/2025,22/08/2025,Maxilo Dental,-,Fray Servando Teresa de Mier 1351-206,Zona Urbana Rio Tijuana,Tijuana,Baja California,22010,México,-,180.0,0.0,0.0,180.0,0.0,-0.0,180.0,180.0,
087958211825-153825,Real Dental Tijuana,2543,15/08/2025,22/08/2025,Real Dental Tijuana,-,Ignacio Manuel Altamirano 4567,Soler,Tijuana,Baja California,22530,México,-,75.0,0.0,0.0,75.0,0.0,-0.0,75.0,75.0,
087958211825-153824,Maxilo Dental,6152,15/08/2025,22/08/2025,Maxilo Dental,-,Fray Servando Teresa de Mier 1351-206,Zona Urbana Rio Tijuana,Tijuana,Baja California,22010,México,-,85.0,0.0,0.0,85.0,0.0,-0.0,85.0,85.0,
087958211825-153823,Maxilo Dental,6152,15/08/2025,22/08/2025,Maxilo Dental,-,Fray Servando Teresa de Mier 1351-206,Zona Urbana Rio Tijuana,Tijuana,Baja California,22010,México,-,90.0,0.0,0.0,90.0,0.0,-0.0,90.0,90.0,
087958211825-153822,Clinica Dental Paleo,6153,15/08/2025,22/08/2025,Clinica Dental Paleo,-,Flores Magon 1225,Zona Centro,Tijuana,Baja California,22000,México,-,90.0,0.0,0.0,90.0,0.0,-0.0,90.0,90.0,
087958211825-153820,Dr. Bojorquez,2795,14/08/2025,22/08/2025,Dr. Luis Bojorquez,-,Fray Servando Teresa de Mier 23,Zona Urbana Rio Tijuana,Tijuana,Baja California,22010,México,-,90.0,0.0,0.0,90.0,0.0,-0.0,90.0,90.0,
087958211825-153819,Dr. Bojorquez,2795,14/08/2025,22/08/2025,Dr. Luis Bojorquez,-,Fray Servando Teresa de Mier 23,Zona Urbana Rio Tijuana,Tijuana,Baja California,22010,México,-,180.0,0.0,0.0,180.0,0.0,-0.0,180.0,180.0,
087958211825-153818,Clinica Dental Integral,4505,12/08/2025,22/08/2025,Clinica Dental Integral,-,Blvrd Gral Rodolfo Sánchez Taboada 1600-Int. 16,Zona Urbana Rio Tijuana,Tijuana,Baja California,22010,México,-,170.0,0.0,0.0,170.0,13.6,-0.0,183.6,183.6,
65883809124-00655,Real Dental Tijuana,2543,12/08/2025,15/08/2025,Real Dental Tijuana,-,Ignacio Manuel Altamirano 4567,Soler,Tijuana,Baja California,22530,México,-,75.0,0.0,0.0,75.0,0.0,-0.0,75.0,75.0,
65883809124-00654,Dental Angel Smile,7399,12/08/2025,"",Dental Angel Smile,-,Av Constitución 1284,Zona Centro,Tijuana,Baja California,22000,México,-,90.0,0.0,0.0,90.0,0.0,-0.0,90.0,90.0,
65883809124-00653,MEDICA,2565,11/08/2025,"",MEDICA,-,P.º Ensenada 502,Playas de Tijuana Sección Jardines,Tijuana,Baja California,22500,México,-,255.0,0.0,0.0,255.0,0.0,-0.0,255.0,0.0,
65883809124-00652,MEDICA,2565,11/08/2025,15/08/2025,MEDICA,-,P.º Ensenada 502,Playas de Tijuana Sección Jardines,Tijuana,Baja California,22500,México,-,85.0,0.0,0.0,85.0,0.0,-0.0,85.0,85.0,
65883809124-00651,MEDICA,2565,11/08/2025,15/08/2025,MEDICA,-,P.º Ensenada 502,Playas de Tijuana Sección Jardines,Tijuana,Baja California,22500,México,-,85.0,0.0,0.0,85.0,0.0,-0.0,85.0,85.0,
658838091259-00100,Zenzao Smile Studio,800,11/08/2025,15/08/2025,Zenzao Smile Studio,-,Blvd. Alberto Limón Padilla #19058,Nueva Tijuana,Tijuana,Baja California,22444,México,-,75.0,0.0,0.0,75.0,0.0,-0.0,75.0,75.0,
658838091259-00099,Horizon Dental Group,3297,11/08/2025,15/08/2025,Horizon Dental Group,-,C. Carrillo Puerto 1536-interior 203,Zona Centro,Tijuana,Baja California,22000,México,-,80.0,0.0,0.0,80.0,0.0,-0.0,80.0,80.0,
658838091259-00098,MEDICA,2565,11/08/2025,15/08/2025,MEDICA,-,P.º Ensenada 502,Playas de Tijuana Sección Jardines,Tijuana,Baja California,22500,México,-,85.0,0.0,0.0,85.0,0.0,-0.0,85.0,85.0,
R-00034,Superdental,1882,11/08/2025,"",Superdental,-,Blvd. Agua Caliente 11988-Local 1,Agua Caliente,Tijuana,Baja California,22420,México,-,30.0,0.0,0.0,30.0,0.0,-0.0,30.0,30.0,
658838091259-0097,Maxilo Dental,6152,08/08/2025,"",Maxilo Dental,-,Fray Servando Teresa de Mier 1351-206,Zona Urbana Rio Tijuana,Tijuana,Baja California,22010,México,-,85.0,0.0,0.0,85.0,0.0,-0.0,85.0,85.0,
658838091259-00095,Maxilo Dental,6152,08/08/2025,15/08/2025,Maxilo Dental,-,Fray Servando Teresa de Mier 1351-206,Zona Urbana Rio Tijuana,Tijuana,Baja California,22010,México,-,270.0,0.0,0.0,270.0,0.0,-0.0,270.0,270.0,
658838091259-00092,Maxilo Dental,6152,08/08/2025,15/08/2025,Maxilo Dental,-,Fray Servando Teresa de Mier 1351-206,Zona Urbana Rio Tijuana,Tijuana,Baja California,22010,México,-,90.0,0.0,0.0,90.0,0.0,-0.0,90.0,90.0,
658838091259-00094,Superdental,1882,07/08/2025,15/08/2025,Superdental,-,Blvd. Agua Caliente 11988-Local 1,Agua Caliente,Tijuana,Baja California,22420,México,-,85.0,0.0,0.0,85.0,0.0,-0.0,85.0,85.0,
658838091259-00093,Superdental,1882,07/08/2025,15/08/2025,Superdental,-,Blvd. Agua Caliente 11988-Local 1,Agua Caliente,Tijuana,Baja California,22420,México,-,170.0,0.0,0.0,170.0,0.0,-0.0,170.0,170.0,
658838091259-00091,Dr. Bojorquez,2795,06/08/2025,15/08/2025,Dr. Luis Bojorquez,-,Fray Servando Teresa de Mier 23,Zona Urbana Rio Tijuana,Tijuana,Baja California,22010,México,-,85.0,0.0,0.0,85.0,0.0,-0.0,85.0,85.0,
658838091259-00090,Clinica Dental Integral,4505,05/08/2025,15/08/2025,Clinica Dental Integral,-,Blvrd Gral Rodolfo Sánchez Taboada 1600-Int. 16,Zona Urbana Rio Tijuana,Tijuana,Baja California,22010,México,-,85.0,0.0,0.0,85.0,6.8,-0.0,91.8,91.8,
R-00033,Zenzao Smile Studio,800,05/08/2025,"",Zenzao Smile Studio,-,Blvd. Alberto Limón Padilla #19058,Nueva Tijuana,Tijuana,Baja California,22444,México,-,220.0,0.0,0.0,220.0,17.6,-0.0,237.6,237.6,
658838091259-00089,Clinica Dental Tijuana,2112,04/08/2025,15/08/2025,Clinica Dental Tijuana,-,Calle Emiliano Zapata 8042,Zona Centro,Tijuana,Baja California,22000,México,-,75.0,0.0,0.0,75.0,6.0,-0.0,81.0,81.0,
658838091259-00088,Real Dental Tijuana,2543,04/08/2025,15/08/2025,Real Dental Tijuana,-,Ignacio Manuel Altamirano 4567,Soler,Tijuana,Baja California,22530,México,-,75.0,0.0,0.0,75.0,0.0,-0.0,75.0,75.0,
658838091259-00087,Real Dental Tijuana,2543,04/08/2025,15/08/2025,Real Dental Tijuana,-,Ignacio Manuel Altamirano 4567,Soler,Tijuana,Baja California,22530,México,-,900.0,0.0,0.0,900.0,0.0,-0.0,900.0,900.0,
658838091259-00086,Clinica Dental Integral,4505,04/08/2025,15/08/2025,Clinica Dental Integral,-,Blvrd Gral Rodolfo Sánchez Taboada 1600-Int. 16,Zona Urbana Rio Tijuana,Tijuana,Baja California,22010,México,-,255.0,0.0,0.0,255.0,20.4,-0.0,275.4,275.4,
658838091259-00085,Zenzao Smile Studio,800,01/08/2025,"",Zenzao Smile Studio,-,Blvd. Alberto Limón Padilla #19058,Nueva Tijuana,Tijuana,Baja California,22444,México,-,75.0,0.0,0.0,75.0,6.0,-0.0,81.0,81.0,
658838091259-00083,Zenzao Smile Studio,800,01/08/2025,"",Zenzao Smile Studio,-,Blvd. Alberto Limón Padilla #19058,Nueva Tijuana,Tijuana,Baja California,22444,México,-,10.0,0.0,0.0,10.0,0.8,-0.0,10.8,10.8,
658838091259-00082,Superdental,1882,01/08/2025,08/08/2025,Superdental,-,Blvd. Agua Caliente 11988-Local 1,Agua Caliente,Tijuana,Baja California,22420,México,-,340.0,0.0,0.0,340.0,0.0,-0.0,340.0,340.0,
658838091259-00081,Superdental,1882,01/08/2025,08/08/2025,Superdental,-,Blvd. Agua Caliente 11988-Local 1,Agua Caliente,Tijuana,Baja California,22420,México,-,75.0,0.0,0.0,75.0,0.0,-0.0,75.0,75.0,
658838091259-00080,Clinica Dental Tijuana,2112,01/08/2025,08/08/2025,Clinica Dental Tijuana,-,Calle Emiliano Zapata 8042,Zona Centro,Tijuana,Baja California,22000,México,-,80.0,0.0,0.0,80.0,6.4,-0.0,86.4,86.4,
658838091259-00079,MEDICA,2565,30/07/2025,08/08/2025,MEDICA,-,P.º Ensenada 502,Playas de Tijuana Sección Jardines,Tijuana,Baja California,22500,México,-,85.0,0.0,0.0,85.0,0.0,-0.0,85.0,85.0,
658838091259-00078,MEDICA,2565,30/07/2025,08/08/2025,MEDICA,-,P.º Ensenada 502,Playas de Tijuana Sección Jardines,Tijuana,Baja California,22500,México,-,85.0,0.0,0.0,85.0,0.0,-0.0,85.0,85.0,
658838091259-00077,Clinica Dental Tijuana,2112,30/07/2025,08/08/2025,Clinica Dental Tijuana,-,Calle Emiliano Zapata 8042,Zona Centro,Tijuana,Baja California,22000,México,-,150.0,0.0,0.0,150.0,12.0,-0.0,162.0,162.0,
658838091259-00075,Clinica Dental Integral,4505,29/07/2025,08/08/2025,Clinica Dental Integral,-,Blvrd Gral Rodolfo Sánchez Taboada 1600-Int. 16,Zona Urbana Rio Tijuana,Tijuana,Baja California,22010,México,-,85.0,0.0,0.0,85.0,6.8,-0.0,91.8,91.8,
658838091259-00074,Clinica Dental Integral,4505,29/07/2025,08/08/2025,Clinica Dental Integral,-,Blvrd Gral Rodolfo Sánchez Taboada 1600-Int. 16,Zona Urbana Rio Tijuana,Tijuana,Baja California,22010,México,-,85.0,0.0,0.0,85.0,6.8,-0.0,91.8,91.8,
888156,Clinica Dental Integral,4505,26/07/2025,01/08/2025,Clinica Dental Integral,-,Blvrd Gral Rodolfo Sánchez Taboada 1600-Int. 16,Zona Urbana Rio Tijuana,Tijuana,Baja California,22010,México,-,170.0,0.0,0.0,170.0,13.6,-0.0,183.6,183.6,
R-00032,Clinica Dental Paleo,6153,26/07/2025,"",Clinica Dental Paleo,-,Flores Magon 1225,Zona Centro,Tijuana,Baja California,22000,México,-,70.0,0.0,0.0,70.0,0.0,-0.0,70.0,70.0,
658838091259-00072,Clinica Dental Tijuana,2112,25/07/2025,01/08/2025,Clinica Dental Tijuana,-,Calle Emiliano Zapata 8042,Zona Centro,Tijuana,Baja California,22000,México,-,75.0,0.0,0.0,75.0,6.0,-0.0,81.0,81.0,
658838091259-00071,Clinica Dental Tijuana,2112,25/07/2025,25/07/2025,Clinica Dental Tijuana,-,Calle Emiliano Zapata 8042,Zona Centro,Tijuana,Baja California,22000,México,-,75.0,0.0,0.0,75.0,6.0,-0.0,81.0,81.0,
658838091259-00070,Dr. Bojorquez,2795,25/07/2025,01/08/2025,Dr. Luis Bojorquez,-,Fray Servando Teresa de Mier 23,Zona Urbana Rio Tijuana,Tijuana,Baja California,22010,México,-,450.0,0.0,0.0,450.0,0.0,-0.0,450.0,450.0,
658838091259-00069,Superdental,1882,24/07/2025,01/08/2025,Superdental,-,Blvd. Agua Caliente 11988-Local 1,Agua Caliente,Tijuana,Baja California,22420,México,-,710.0,0.0,0.0,710.0,0.0,-0.0,710.0,710.0,
658838091259-00068,Clinica Dental Integral,4505,24/07/2025,01/08/2025,Clinica Dental Integral,-,Blvrd Gral Rodolfo Sánchez Taboada 1600-Int. 16,Zona Urbana Rio Tijuana,Tijuana,Baja California,22010,México,-,340.0,0.0,0.0,340.0,27.2,-0.0,367.2,367.2,
658838091259-00067,Maxilo Dental,6152,24/07/2025,01/08/2025,Maxilo Dental,-,Fray Servando Teresa de Mier 1351-206,Zona Urbana Rio Tijuana,Tijuana,Baja California,22010,México,-,95.0,0.0,0.0,95.0,0.0,-0.0,95.0,95.0,
658838091259-00059,Clinica Dental Integral,4505,24/07/2025,25/07/2025,Clinica Dental Integral,-,Blvrd Gral Rodolfo Sánchez Taboada 1600-Int. 16,Zona Urbana Rio Tijuana,Tijuana,Baja California,22010,México,-,40.0,0.0,0.0,40.0,3.2,-0.0,43.2,43.2,
658838091259-00066,Zenzao Smile Studio,800,22/07/2025,22/07/2025,Zenzao Smile Studio,-,Blvd. Alberto Limón Padilla #19058,Nueva Tijuana,Tijuana,Baja California,22444,México,-,75.0,0.0,0.0,75.0,6.0,-0.0,81.0,81.0,
658838091259-00065,Superdental,1882,22/07/2025,22/07/2025,Superdental,-,Blvd. Agua Caliente 11988-Local 1,Agua Caliente,Tijuana,Baja California,22420,México,-,645.0,0.0,0.0,645.0,0.0,-0.0,645.0,645.0,
658838091259-00064,Clinica Dental Tijuana,2112,21/07/2025,25/07/2025,Clinica Dental Tijuana,-,Calle Emiliano Zapata 8042,Zona Centro,Tijuana,Baja California,22000,México,-,80.0,0.0,0.0,80.0,6.4,-0.0,86.4,86.4,
658838091259-00063,Horizon Dental Group,3297,19/07/2025,25/07/2025,Horizon Dental Group,-,C. Carrillo Puerto 1536-interior 203,Zona Centro,Tijuana,Baja California,22000,México,-,255.0,0.0,0.0,255.0,0.0,-0.0,255.0,255.0,
658838091259-00062,Real Dental Tijuana,2543,19/07/2025,25/07/2025,Real Dental Tijuana,-,Ignacio Manuel Altamirano 4567,Soler,Tijuana,Baja California,22530,México,-,75.0,0.0,0.0,75.0,0.0,-0.0,75.0,75.0,
658838091259-00061,Real Dental Tijuana,2543,19/07/2025,25/07/2025,Real Dental Tijuana,-,Ignacio Manuel Altamirano 4567,Soler,Tijuana,Baja California,22530,México,-,75.0,0.0,0.0,75.0,0.0,-0.0,75.0,75.0,
658838091259-00060,Real Dental Tijuana,2543,19/07/2025,25/07/2025,Real Dental Tijuana,-,Ignacio Manuel Altamirano 4567,Soler,Tijuana,Baja California,22530,México,-,75.0,0.0,0.0,75.0,0.0,-0.0,75.0,75.0,
65883809124-00544,Maxilo Dental,6152,18/07/2025,"",Maxilo Dental,-,Fray Servando Teresa de Mier 1351-206,Zona Urbana Rio Tijuana,Tijuana,Baja California,22010,México,-,90.0,0.0,0.0,90.0,0.0,-0.0,90.0,90.0,
658838091259-00058,Dental Studio,6901,18/07/2025,25/07/2025,Dental Studio,-,Calle Emiliano Zapata 7974-3,Zona Centro,Tijuana,Baja California,22000,México,-,90.0,0.0,0.0,90.0,7.2,-0.0,97.2,97.2,
658838091259-00057,Clinica Dental Integral,4505,18/07/2025,25/07/2025,Clinica Dental Integral,-,Blvrd Gral Rodolfo Sánchez Taboada 1600-Int. 16,Zona Urbana Rio Tijuana,Tijuana,Baja California,22010,México,-,85.0,0.0,0.0,85.0,6.8,-0.0,91.8,91.8,
658838091259-00056,Clinica Dental Integral,4505,18/07/2025,25/07/2025,Clinica Dental Integral,-,Blvrd Gral Rodolfo Sánchez Taboada 1600-Int. 16,Zona Urbana Rio Tijuana,Tijuana,Baja California,22010,México,-,85.0,0.0,0.0,85.0,6.8,-0.0,91.8,91.8,
658838091259-00055,MEDICA,2565,17/07/2025,25/07/2025,MEDICA,-,P.º Ensenada 502,Playas de Tijuana Sección Jardines,Tijuana,Baja California,22500,México,-,85.0,0.0,0.0,85.0,0.0,-0.0,85.0,85.0,
658838091259-00054,MEDICA,2565,17/07/2025,25/07/2025,MEDICA,-,P.º Ensenada 502,Playas de Tijuana Sección Jardines,Tijuana,Baja California,22500,México,-,85.0,0.0,0.0,85.0,0.0,-0.0,85.0,85.0,
658838091259-00053,MEDICA,2565,17/07/2025,25/07/2025,MEDICA,-,P.º Ensenada 502,Playas de Tijuana Sección Jardines,Tijuana,Baja California,22500,México,-,85.0,0.0,0.0,85.0,0.0,-0.0,85.0,85.0,
658838091259-00052,Dental Bellas Artes,4482,17/07/2025,25/07/2025,Dental Bellas Artes,-,Blvd. de las Bellas Artes 341,Nueva Tijuana,Tijuana,Baja California,22435,México,-,90.0,0.0,0.0,90.0,0.0,-0.0,90.0,90.0,
65883809124-00550,Superdental,1882,15/07/2025,25/07/2025,Superdental,-,Blvd. Agua Caliente 11988-Local 1,Agua Caliente,Tijuana,Baja California,22420,México,-,85.0,0.0,0.0,85.0,0.0,-0.0,85.0,85.0,
658838091259-00051,Clinica Dental Tijuana,2112,15/07/2025,25/07/2025,Clinica Dental Tijuana,-,Calle Emiliano Zapata 8042,Zona Centro,Tijuana,Baja California,22000,México,-,150.0,0.0,0.0,150.0,12.0,-0.0,162.0,162.0,
65883809124-00549,Clinica Dental Integral,4505,14/07/2025,25/07/2025,Clinica Dental Integral,-,Blvrd Gral Rodolfo Sánchez Taboada 1600-Int. 16,Zona Urbana Rio Tijuana,Tijuana,Baja California,22010,México,-,90.0,0.0,0.0,90.0,7.2,-0.0,97.2,97.2,
65883809124-00548,Superdental,1882,14/07/2025,18/07/2025,Superdental,-,Blvd. Agua Caliente 11988-Local 1,Agua Caliente,Tijuana,Baja California,22420,México,-,75.0,0.0,0.0,75.0,0.0,-0.0,75.0,75.0,
65883809124-00547,Clinica Dental Paleo,6153,12/07/2025,18/07/2025,Clinica Dental Paleo,-,Flores Magon 1225,Zona Centro,Tijuana,Baja California,22000,México,-,400.0,0.0,0.0,400.0,0.0,-0.0,400.0,400.0,
65883809124-00546,Real Dental Tijuana,2543,12/07/2025,18/07/2025,Real Dental Tijuana,-,Ignacio Manuel Altamirano 4567,Soler,Tijuana,Baja California,22530,México,-,75.0,0.0,0.0,75.0,0.0,-0.0,75.0,75.0,
65883809124-00545,Real Dental Tijuana,2543,12/07/2025,18/07/2025,Real Dental Tijuana,-,Ignacio Manuel Altamirano 4567,Soler,Tijuana,Baja California,22530,México,-,75.0,0.0,0.0,75.0,0.0,-0.0,75.0,75.0,
65883809124-00543,Maxilo Dental,6152,11/07/2025,18/07/2025,Maxilo Dental,-,Fray Servando Teresa de Mier 1351-206,Zona Urbana Rio Tijuana,Tijuana,Baja California,22010,México,-,85.0,0.0,0.0,85.0,0.0,-0.0,85.0,85.0,
65883809124-00542,Clinica Dental Paleo,6153,11/07/2025,18/07/2025,Clinica Dental Paleo,-,Flores Magon 1225,Zona Centro,Tijuana,Baja California,22000,México,-,160.0,0.0,0.0,160.0,0.0,-0.0,160.0,160.0,
65883809124-00539,Clinica Dental Integral,4505,08/07/2025,18/07/2025,Clinica Dental Integral,-,Blvrd Gral Rodolfo Sánchez Taboada 1600-Int. 16,Zona Urbana Rio Tijuana,Tijuana,Baja California,22010,México,-,20.0,0.0,0.0,20.0,1.6,-0.0,21.6,21.6,
65883809124-00538,Dental Studio,6901,07/07/2025,11/07/2025,Dental Studio,-,Calle Emiliano Zapata 7974-3,Zona Centro,Tijuana,Baja California,22000,México,-,90.0,0.0,0.0,90.0,7.2,-0.0,97.2,97.2,
65883809124-00536,Real Dental Tijuana,2543,07/07/2025,11/07/2025,Real Dental Tijuana,-,Ignacio Manuel Altamirano 4567,Soler,Tijuana,Baja California,22530,México,-,120.0,0.0,0.0,120.0,0.0,-0.0,120.0,120.0,
65883809124-00537,Real Dental Tijuana,2543,03/07/2025,11/07/2025,Real Dental Tijuana,-,Ignacio Manuel Altamirano 4567,Soler,Tijuana,Baja California,22530,México,-,90.0,0.0,5.56,85.0,0.0,-0.0,85.0,85.0,
65883809124-00535,Clinica Dental Integral,4505,02/07/2025,11/07/2025,Clinica Dental Integral,-,Blvrd Gral Rodolfo Sánchez Taboada 1600-Int. 16,Zona Urbana Rio Tijuana,Tijuana,Baja California,22010,México,-,85.0,0.0,0.0,85.0,6.8,-0.0,91.8,91.8,
R-00031,Clinica Dental Paleo,6153,02/07/2025,04/07/2025,Clinica Dental Paleo,-,Flores Magon 1225,Zona Centro,Tijuana,Baja California,22000,México,-,210.0,0.0,0.0,210.0,0.0,-0.0,210.0,210.0,
R-00030,Clinica Dental Paleo,6153,02/07/2025,04/07/2025,Clinica Dental Paleo,-,Flores Magon 1225,Zona Centro,Tijuana,Baja California,22000,México,-,70.0,0.0,0.0,70.0,0.0,-0.0,70.0,70.0,
65883809124-00534,Clinica Dental Tijuana,2112,01/07/2025,04/07/2025,Clinica Dental Tijuana,-,Calle Emiliano Zapata 8042,Zona Centro,Tijuana,Baja California,22000,México,-,75.0,0.0,0.0,75.0,6.0,-0.0,81.0,81.0,
65883809124-00533,Maxilo Dental,6152,30/06/2025,11/07/2025,Maxilo Dental,-,Fray Servando Teresa de Mier 1351-206,Zona Urbana Rio Tijuana,Tijuana,Baja California,22010,México,-,75.0,0.0,0.0,75.0,0.0,-0.0,75.0,75.0,
65883809124-00532,Maxilo Dental,6152,30/06/2025,11/07/2025,Maxilo Dental,-,Fray Servando Teresa de Mier 1351-206,Zona Urbana Rio Tijuana,Tijuana,Baja California,22010,México,-,150.0,0.0,0.0,150.0,0.0,-0.0,150.0,150.0,
65883809124-00531,Maxilo Dental,6152,30/06/2025,11/07/2025,Maxilo Dental,-,Fray Servando Teresa de Mier 1351-206,Zona Urbana Rio Tijuana,Tijuana,Baja California,22010,México,-,85.0,0.0,0.0,85.0,0.0,-0.0,85.0,85.0,
65883809124-00530,Maxilo Dental,6152,30/06/2025,11/07/2025,Maxilo Dental,-,Fray Servando Teresa de Mier 1351-206,Zona Urbana Rio Tijuana,Tijuana,Baja California,22010,México,-,85.0,0.0,0.0,85.0,0.0,-0.0,85.0,85.0,
65883809124-00529,Clinica Dental Tijuana,2112,30/06/2025,04/07/2025,Clinica Dental Tijuana,-,Calle Emiliano Zapata 8042,Zona Centro,Tijuana,Baja California,22000,México,-,75.0,0.0,0.0,75.0,6.0,-0.0,81.0,81.0,
65883809124-00528,Horizon Dental Group,3297,30/06/2025,11/07/2025,Horizon Dental Group,-,C. Carrillo Puerto 1536-interior 203,Zona Centro,Tijuana,Baja California,22000,México,-,85.0,0.0,0.0,85.0,0.0,-0.0,85.0,85.0,
65883809124-00526,Clinica Dental Integral,4505,28/06/2025,04/07/2025,Clinica Dental Integral,-,Blvrd Gral Rodolfo Sánchez Taboada 1600-Int. 16,Zona Urbana Rio Tijuana,Tijuana,Baja California,22010,México,-,300.0,0.0,0.0,300.0,24.0,-0.0,324.0,324.0,
65883809124-00525,Clinica Dental Tijuana,2112,28/06/2025,04/07/2025,Clinica Dental Tijuana,-,Calle Emiliano Zapata 8042,Zona Centro,Tijuana,Baja California,22000,México,-,580.0,0.0,0.0,580.0,46.4,-0.0,626.4,626.4,
65883809124-00524,Dental Bellas Artes,4482,25/06/2025,04/07/2025,Dental Bellas Artes,-,Blvd. de las Bellas Artes 341,Nueva Tijuana,Tijuana,Baja California,22435,México,-,300.0,0.0,0.0,300.0,0.0,-0.0,300.0,300.0,
R-00029,Horizon Dental Group,3297,25/06/2025,"",Horizon Dental Group,-,C. Carrillo Puerto 1536-interior 203,Zona Centro,Tijuana,Baja California,22000,México,-,165.0,0.0,0.0,165.0,0.0,-0.0,165.0,165.0,
65883809124-00523,Clinica Dental Tijuana,2112,24/06/2025,27/06/2025,Clinica Dental Tijuana,-,Calle Emiliano Zapata 8042,Zona Centro,Tijuana,Baja California,22000,México,-,75.0,0.0,0.0,75.0,6.0,-0.0,81.0,81.0,
65883809124-00522,Clinica Dental Tijuana,2112,24/06/2025,27/06/2025,Clinica Dental Tijuana,-,Calle Emiliano Zapata 8042,Zona Centro,Tijuana,Baja California,22000,México,-,150.0,0.0,0.0,150.0,12.0,-0.0,162.0,162.0,
65883809124-00521,Maxilo Dental,6152,24/06/2025,04/07/2025,Maxilo Dental,-,Fray Servando Teresa de Mier 1351-206,Zona Urbana Rio Tijuana,Tijuana,Baja California,22010,México,-,90.0,0.0,0.0,90.0,0.0,-0.0,90.0,90.0,
65883809124-00520,Clinica Dental Paleo,6153,23/06/2025,23/06/2025,Clinica Dental Paleo,-,Flores Magon 1225,Zona Centro,Tijuana,Baja California,22000,México,-,270.0,0.0,0.0,270.0,0.0,-0.0,270.0,270.0,
65883809124-00518,Dr. Sergio Duarte,1979,21/06/2025,27/06/2025,Dr. Sergio Duarte,-,Pastor Ramos 350,Empleados Federales,Tijuana,Baja California,22010,México,-,90.0,0.0,11.11,80.0,0.0,-0.0,80.0,80.0,
65883809124-00517,Real Dental Tijuana,2543,20/06/2025,27/06/2025,Real Dental Tijuana,-,Ignacio Manuel Altamirano 4567,Soler,Tijuana,Baja California,22530,México,-,75.0,0.0,0.0,75.0,0.0,-0.0,75.0,75.0,
65883809124-00516,Real Dental Tijuana,2543,20/06/2025,27/06/2025,Real Dental Tijuana,-,Ignacio Manuel Altamirano 4567,Soler,Tijuana,Baja California,22530,México,-,75.0,0.0,0.0,75.0,0.0,-0.0,75.0,75.0,
65883809124-00515,Superdental,1882,20/06/2025,27/06/2025,Superdental,-,Blvd. Agua Caliente 11988-Local 1,Agua Caliente,Tijuana,Baja California,22420,México,-,85.0,0.0,0.0,85.0,0.0,-0.0,85.0,85.0,
65883809124-00514,Horizon Dental Group,3297,18/06/2025,27/06/2025,Horizon Dental Group,-,C. Carrillo Puerto 1536-interior 203,Zona Centro,Tijuana,Baja California,22000,México,-,170.0,0.0,0.0,170.0,0.0,-0.0,170.0,170.0,
65883809124-00513,Clinica Dental Integral,4505,18/06/2025,27/06/2025,Clinica Dental Integral,-,Blvrd Gral Rodolfo Sánchez Taboada 1600-Int. 16,Zona Urbana Rio Tijuana,Tijuana,Baja California,22010,México,-,170.0,0.0,0.0,170.0,13.6,-0.0,183.6,183.6,
65883809124-00512,Clinica Dental Integral,4505,18/06/2025,27/06/2025,Clinica Dental Integral,-,Blvrd Gral Rodolfo Sánchez Taboada 1600-Int. 16,Zona Urbana Rio Tijuana,Tijuana,Baja California,22010,México,-,170.0,0.0,0.0,170.0,13.6,-0.0,183.6,183.6,
65883809124-00511,Clinica Dental Tijuana,2112,18/06/2025,27/06/2025,Clinica Dental Tijuana,-,Calle Emiliano Zapata 8042,Zona Centro,Tijuana,Baja California,22000,México,-,170.0,0.0,0.0,170.0,13.6,-0.0,183.6,183.6,
65883809124-00510,Zenzao Smile Studio,800,18/06/2025,27/06/2025,Zenzao Smile Studio,-,Blvd. Alberto Limón Padilla #19058,Nueva Tijuana,Tijuana,Baja California,22444,México,-,80.0,0.0,0.0,80.0,0.0,-0.0,80.0,80.0,
65883809124-00509,Real Dental Tijuana,2543,17/06/2025,27/06/2025,Real Dental Tijuana,-,Ignacio Manuel Altamirano 4567,Soler,Tijuana,Baja California,22530,México,-,675.0,0.0,0.0,675.0,0.0,-0.0,675.0,675.0,
65883809124-00508,Real Dental Tijuana,2543,17/06/2025,27/06/2025,Real Dental Tijuana,-,Ignacio Manuel Altamirano 4567,Soler,Tijuana,Baja California,22530,México,-,75.0,0.0,0.0,75.0,0.0,-0.0,75.0,75.0,
65883809124-00507,Clinica Dental Tijuana,2112,17/06/2025,20/06/2025,Clinica Dental Tijuana,-,Calle Emiliano Zapata 8042,Zona Centro,Tijuana,Baja California,22000,México,-,75.0,0.0,0.0,75.0,6.0,-0.0,81.0,81.0,
65883809124-00506,Clinica Dental Tijuana,2112,17/06/2025,20/06/2025,Clinica Dental Tijuana,-,Calle Emiliano Zapata 8042,Zona Centro,Tijuana,Baja California,22000,México,-,930.0,0.0,0.0,930.0,74.4,-0.0,1004.4,1004.4,
65883809124-00504,Clinica Dental Tijuana,2112,16/06/2025,20/06/2025,Clinica Dental Tijuana,-,Calle Emiliano Zapata 8042,Zona Centro,Tijuana,Baja California,22000,México,-,75.0,0.0,0.0,75.0,6.0,-0.0,81.0,81.0,
65883809124-00503,Orion Dental,8832,14/06/2025,"",Orion Dental,-,Calle Emiliano Zapata 7727-int 5,Zona Centro,Tijuana,Baja California,22000,México,-,125.0,0.0,0.0,125.0,0.0,-0.0,125.0,125.0,
65883809124-00502,Horizon Dental Group,3297,13/06/2025,20/06/2025,Horizon Dental Group,-,C. Carrillo Puerto 1536-interior 203,Zona Centro,Tijuana,Baja California,22000,México,-,255.0,0.0,0.0,255.0,0.0,-0.0,255.0,255.0,
65883809124-00501,Horizon Dental Group,3297,13/06/2025,20/06/2025,Horizon Dental Group,-,C. Carrillo Puerto 1536-interior 203,Zona Centro,Tijuana,Baja California,22000,México,-,80.0,0.0,0.0,80.0,0.0,-0.0,80.0,80.0,
5883809124-01000,Clinica Dental Tijuana,2112,12/06/2025,20/06/2025,Clinica Dental Tijuana,-,Calle Emiliano Zapata 8042,Zona Centro,Tijuana,Baja California,22000,México,-,90.0,0.0,0.0,90.0,7.2,-0.0,97.2,97.2,
5883809124-00999,Maxilo Dental,6152,11/06/2025,20/06/2025,Maxilo Dental,-,Fray Servando Teresa de Mier 1351-206,Zona Urbana Rio Tijuana,Tijuana,Baja California,22010,México,-,75.0,0.0,0.0,75.0,0.0,-0.0,75.0,75.0,
5883809124-00998,Maxilo Dental,6152,11/06/2025,20/06/2025,Maxilo Dental,-,Fray Servando Teresa de Mier 1351-206,Zona Urbana Rio Tijuana,Tijuana,Baja California,22010,México,-,85.0,0.0,0.0,85.0,0.0,-0.0,85.0,85.0,
5883809124-00997,Dental Bellas Artes,4482,11/06/2025,20/06/2025,Dental Bellas Artes,-,Blvd. de las Bellas Artes 341,Nueva Tijuana,Tijuana,Baja California,22435,México,-,150.0,0.0,0.0,150.0,0.0,-0.0,150.0,150.0,
5883809124-00996,Clinica Dental Tijuana,2112,10/06/2025,13/06/2025,Clinica Dental Tijuana,-,Calle Emiliano Zapata 8042,Zona Centro,Tijuana,Baja California,22000,México,-,75.0,0.0,0.0,75.0,6.0,-0.0,81.0,81.0,
5883809124-00995,Horizon Dental Group,3297,10/06/2025,13/06/2025,Horizon Dental Group,-,C. Carrillo Puerto 1536-interior 203,Zona Centro,Tijuana,Baja California,22000,México,-,85.0,0.0,0.0,85.0,0.0,-0.0,85.0,85.0,
5883809124-00994,Clinica Dental Integral,4505,09/06/2025,13/06/2025,Clinica Dental Integral,-,Blvrd Gral Rodolfo Sánchez Taboada 1600-Int. 16,Zona Urbana Rio Tijuana,Tijuana,Baja California,22010,México,-,85.0,0.0,0.0,85.0,6.8,-0.0,91.8,91.8,
5883809124-00993,Clinica Dental Integral,4505,09/06/2025,13/06/2025,Clinica Dental Integral,-,Blvrd Gral Rodolfo Sánchez Taboada 1600-Int. 16,Zona Urbana Rio Tijuana,Tijuana,Baja California,22010,México,-,85.0,0.0,0.0,85.0,6.8,-0.0,91.8,91.8,
5883809124-00992,Clinica Dental Integral,4505,09/06/2025,13/06/2025,Clinica Dental Integral,-,Blvrd Gral Rodolfo Sánchez Taboada 1600-Int. 16,Zona Urbana Rio Tijuana,Tijuana,Baja California,22010,México,-,90.0,0.0,0.0,90.0,7.2,-0.0,97.2,97.2,
5883809124-00967,Orion Dental,8832,08/06/2025,06/06/2025,Orion Dental,-,Calle Emiliano Zapata 7727-int 5,Zona Centro,Tijuana,Baja California,22000,México,-,85.0,0.0,0.0,85.0,0.0,-0.0,85.0,85.0,
5883809124-00990,Real Dental Tijuana,2543,07/06/2025,13/06/2025,Real Dental Tijuana,-,Ignacio Manuel Altamirano 4567,Soler,Tijuana,Baja California,22530,México,-,90.0,0.0,0.0,90.0,0.0,-0.0,90.0,90.0,
5883809124-00989,Superdental,1882,07/06/2025,13/06/2025,Superdental,-,Blvd. Agua Caliente 11988-Local 1,Agua Caliente,Tijuana,Baja California,22420,México,-,85.0,0.0,0.0,85.0,0.0,-0.0,85.0,85.0,
5883809124-00988,Superdental,1882,07/06/2025,13/06/2025,Superdental,-,Blvd. Agua Caliente 11988-Local 1,Agua Caliente,Tijuana,Baja California,22420,México,-,85.0,0.0,0.0,85.0,0.0,-0.0,85.0,85.0,
5883809124-00987,Horizon Dental Group,3297,07/06/2025,13/06/2025,Horizon Dental Group,-,C. Carrillo Puerto 1536-interior 203,Zona Centro,Tijuana,Baja California,22000,México,-,85.0,0.0,0.0,85.0,0.0,-0.0,85.0,85.0,
5883809124-00986,Maxilo Dental,6152,06/06/2025,13/06/2025,Maxilo Dental,-,Fray Servando Teresa de Mier 1351-206,Zona Urbana Rio Tijuana,Tijuana,Baja California,22010,México,-,75.0,0.0,0.0,75.0,0.0,-0.0,75.0,75.0,
5883809124-00985,Clinica Dental Paleo,6153,06/06/2025,13/06/2025,Clinica Dental Paleo,-,Flores Magon 1225,Zona Centro,Tijuana,Baja California,22000,México,-,80.0,0.0,0.0,80.0,0.0,-0.0,80.0,80.0,
5883809124-00984,Horizon Dental Group,3297,06/06/2025,06/06/2025,Horizon Dental Group,-,C. Carrillo Puerto 1536-interior 203,Zona Centro,Tijuana,Baja California,22000,México,-,85.0,0.0,0.0,85.0,0.0,-0.0,85.0,85.0,
R-00028,Clinica Dental Paleo,6153,06/06/2025,06/06/2025,Clinica Dental Paleo,-,Flores Magon 1225,Zona Centro,Tijuana,Baja California,22000,México,-,70.0,0.0,0.0,70.0,0.0,-0.0,70.0,70.0,
5883809124-00983,Dental Bellas Artes,4482,05/06/2025,06/06/2025,Dental Bellas Artes,-,Blvd. de las Bellas Artes 341,Nueva Tijuana,Tijuana,Baja California,22435,México,-,150.0,0.0,0.0,150.0,0.0,-0.0,150.0,150.0,
5883809124-00982,Horizon Dental Group,3297,05/06/2025,06/06/2025,Horizon Dental Group,-,C. Carrillo Puerto 1536-interior 203,Zona Centro,Tijuana,Baja California,22000,México,-,105.0,0.0,0.0,105.0,0.0,-0.0,105.0,105.0,
5883809124-00981,Maxilo Dental,6152,05/06/2025,13/06/2025,Maxilo Dental,-,Fray Servando Teresa de Mier 1351-206,Zona Urbana Rio Tijuana,Tijuana,Baja California,22010,México,-,85.0,0.0,0.0,85.0,0.0,-0.0,85.0,85.0,
888155,Clinica Dental Paleo,6153,04/06/2025,"",Clinica Dental Paleo,-,Flores Magon 1225,Zona Centro,Tijuana,Baja California,22000,México,-,180.0,0.0,0.0,180.0,0.0,-0.0,180.0,180.0,
888154,Clinica Dental Tijuana,2112,04/06/2025,06/06/2025,Clinica Dental Tijuana,-,Calle Emiliano Zapata 8042,Zona Centro,Tijuana,Baja California,22000,México,-,75.0,0.0,100.0,0.0,0.0,-0.0,0.0,0.0,
5883809124-00979,Clinica Dental Tijuana,2112,04/06/2025,06/06/2025,Clinica Dental Tijuana,-,Calle Emiliano Zapata 8042,Zona Centro,Tijuana,Baja California,22000,México,-,75.0,0.0,0.0,75.0,6.0,-0.0,81.0,81.0,
5883809124-00978,Horizon Dental Group,3297,04/06/2025,06/06/2025,Horizon Dental Group,-,C. Carrillo Puerto 1536-interior 203,Zona Centro,Tijuana,Baja California,22000,México,-,170.0,0.0,0.0,170.0,0.0,-0.0,170.0,170.0,
5883809124-00977,Horizon Dental Group,3297,04/06/2025,06/06/2025,Horizon Dental Group,-,C. Carrillo Puerto 1536-interior 203,Zona Centro,Tijuana,Baja California,22000,México,-,85.0,0.0,0.0,85.0,0.0,-0.0,85.0,85.0,
5883809124-00975,Horizon Dental Group,3297,04/06/2025,06/06/2025,Horizon Dental Group,-,C. Carrillo Puerto 1536-interior 203,Zona Centro,Tijuana,Baja California,22000,México,-,255.0,0.0,0.0,255.0,0.0,-0.0,255.0,255.0,
5883809124-00974,Clinica Dental Tijuana,2112,03/06/2025,06/06/2025,Clinica Dental Tijuana,-,Calle Emiliano Zapata 8042,Zona Centro,Tijuana,Baja California,22000,México,-,90.0,0.0,0.0,90.0,7.2,-0.0,97.2,97.2,
5883809124-00973,Clinica Dental Tijuana,2112,03/06/2025,06/06/2025,Clinica Dental Tijuana,-,Calle Emiliano Zapata 8042,Zona Centro,Tijuana,Baja California,22000,México,-,90.0,0.0,0.0,90.0,7.2,-0.0,97.2,97.2,
5883809124-00972,Clinica Dental Tijuana,2112,03/06/2025,06/06/2025,Clinica Dental Tijuana,-,Calle Emiliano Zapata 8042,Zona Centro,Tijuana,Baja California,22000,México,-,150.0,0.0,0.0,150.0,12.0,-0.0,162.0,162.0,
5883809124-00971,Real Dental Tijuana,2543,03/06/2025,06/06/2025,Real Dental Tijuana,-,Ignacio Manuel Altamirano 4567,Soler,Tijuana,Baja California,22530,México,-,150.0,0.0,0.0,150.0,0.0,-0.0,150.0,150.0,
5883809124-00970,Real Dental Tijuana,2543,03/06/2025,06/06/2025,Real Dental Tijuana,-,Ignacio Manuel Altamirano 4567,Soler,Tijuana,Baja California,22530,México,-,75.0,0.0,0.0,75.0,0.0,-0.0,75.0,75.0,
5883809124-00969,Real Dental Tijuana,2543,03/06/2025,06/06/2025,Real Dental Tijuana,-,Ignacio Manuel Altamirano 4567,Soler,Tijuana,Baja California,22530,México,-,90.0,0.0,0.0,90.0,0.0,-0.0,90.0,90.0,
5883809124-00968,Maxilo Dental,6152,03/06/2025,06/06/2025,Maxilo Dental,-,Fray Servando Teresa de Mier 1351-206,Zona Urbana Rio Tijuana,Tijuana,Baja California,22010,México,-,235.0,0.0,0.0,235.0,0.0,-0.0,235.0,235.0,
888153,Clinica Dental Integral,4505,31/05/2025,06/06/2025,Clinica Dental Integral,-,Blvrd Gral Rodolfo Sánchez Taboada 1600-Int. 16,Zona Urbana Rio Tijuana,Tijuana,Baja California,22010,México,-,85.0,0.0,0.0,85.0,0.0,-0.0,85.0,85.0,
5883809124-00965,Maxilo Dental,6152,31/05/2025,06/06/2025,Maxilo Dental,-,Fray Servando Teresa de Mier 1351-206,Zona Urbana Rio Tijuana,Tijuana,Baja California,22010,México,-,90.0,0.0,0.0,90.0,0.0,-0.0,90.0,90.0,
5883809124-00964,Maxilo Dental,6152,31/05/2025,06/06/2025,Maxilo Dental,-,Fray Servando Teresa de Mier 1351-206,Zona Urbana Rio Tijuana,Tijuana,Baja California,22010,México,-,10.0,0.0,0.0,10.0,0.0,-0.0,10.0,10.0,
5883809124-00963,Maxilo Dental,6152,31/05/2025,06/06/2025,Maxilo Dental,-,Fray Servando Teresa de Mier 1351-206,Zona Urbana Rio Tijuana,Tijuana,Baja California,22010,México,-,105.0,0.0,0.0,105.0,0.0,-0.0,105.0,105.0,
5883809124-00962,Superdental,1882,30/05/2025,06/06/2025,Superdental,-,Blvd. Agua Caliente 11988-Local 1,Agua Caliente,Tijuana,Baja California,22420,México,-,225.0,0.0,13.33,195.0,0.0,-0.0,195.0,195.0,
5883809124-00961,Dental Bellas Artes,4482,28/05/2025,28/05/2025,Dental Bellas Artes,-,Blvd. de las Bellas Artes 341,Nueva Tijuana,Tijuana,Baja California,22435,México,-,90.0,0.0,0.0,90.0,0.0,-0.0,90.0,90.0,
5883809124-00960,Clinica Dental Tijuana,2112,27/05/2025,06/06/2025,Clinica Dental Tijuana,-,Calle Emiliano Zapata 8042,Zona Centro,Tijuana,Baja California,22000,México,-,75.0,0.0,0.0,75.0,6.0,-0.0,81.0,81.0,
5883809124-00959,Clinica Dental Tijuana,2112,27/05/2025,06/06/2025,Clinica Dental Tijuana,-,Calle Emiliano Zapata 8042,Zona Centro,Tijuana,Baja California,22000,México,-,75.0,0.0,0.0,75.0,6.0,-0.0,81.0,81.0,
5883809124-00958,Clinica Dental Tijuana,2112,27/05/2025,06/06/2025,Clinica Dental Tijuana,-,Calle Emiliano Zapata 8042,Zona Centro,Tijuana,Baja California,22000,México,-,75.0,0.0,0.0,75.0,6.0,-0.0,81.0,81.0,
5883809124-00957,Clinica Dental Tijuana,2112,27/05/2025,06/06/2025,Clinica Dental Tijuana,-,Calle Emiliano Zapata 8042,Zona Centro,Tijuana,Baja California,22000,México,-,75.0,0.0,0.0,75.0,6.0,-0.0,81.0,81.0,
5883809124-00956,Clinica Dental Integral,4505,26/05/2025,30/05/2025,Clinica Dental Integral,-,Blvrd Gral Rodolfo Sánchez Taboada 1600-Int. 16,Zona Urbana Rio Tijuana,Tijuana,Baja California,22010,México,-,90.0,0.0,0.0,90.0,0.0,-0.0,90.0,90.0,
5883809124-00955,Clinica Dental Integral,4505,26/05/2025,30/05/2025,Clinica Dental Integral,-,Blvrd Gral Rodolfo Sánchez Taboada 1600-Int. 16,Zona Urbana Rio Tijuana,Tijuana,Baja California,22010,México,-,85.0,0.0,0.0,85.0,0.0,-0.0,85.0,85.0,
65883809124-00426,Maxilo Dental,6152,26/05/2025,"",Maxilo Dental,-,Fray Servando Teresa de Mier 1351-206,Zona Urbana Rio Tijuana,Tijuana,Baja California,22010,México,-,85.0,0.0,0.0,85.0,0.0,-0.0,85.0,85.0,
5883809124-00954,Clinica Dental Tijuana,2112,24/05/2025,30/05/2025,Clinica Dental Tijuana,-,Calle Emiliano Zapata 8042,Zona Centro,Tijuana,Baja California,22000,México,-,75.0,0.0,0.0,75.0,6.0,-0.0,81.0,81.0,
5883809124-00953,Clinica Dental Tijuana,2112,24/05/2025,30/05/2025,Clinica Dental Tijuana,-,Calle Emiliano Zapata 8042,Zona Centro,Tijuana,Baja California,22000,México,-,75.0,0.0,0.0,75.0,6.0,-0.0,81.0,81.0,
5883809124-00952,Clinica Dental Tijuana,2112,24/05/2025,30/05/2025,Clinica Dental Tijuana,-,Calle Emiliano Zapata 8042,Zona Centro,Tijuana,Baja California,22000,México,-,75.0,0.0,0.0,75.0,6.0,-0.0,81.0,81.0,
65883809124-00450,Clinica Dental Tijuana,2112,24/05/2025,30/05/2025,Clinica Dental Tijuana,-,Calle Emiliano Zapata 8042,Zona Centro,Tijuana,Baja California,22000,México,-,300.0,0.0,0.0,300.0,24.0,-0.0,324.0,324.0,
65883809124-00448,Maxilo Dental,6152,24/05/2025,30/05/2025,Maxilo Dental,-,Fray Servando Teresa de Mier 1351-206,Zona Urbana Rio Tijuana,Tijuana,Baja California,22010,México,-,25.0,0.0,0.0,25.0,0.0,-0.0,25.0,25.0,
65883809124-00447,Maxilo Dental,6152,24/05/2025,30/05/2025,Maxilo Dental,-,Fray Servando Teresa de Mier 1351-206,Zona Urbana Rio Tijuana,Tijuana,Baja California,22010,México,-,85.0,0.0,0.0,85.0,0.0,-0.0,85.0,85.0,
65883809124-00446,Maxilo Dental,6152,24/05/2025,30/05/2025,Maxilo Dental,-,Fray Servando Teresa de Mier 1351-206,Zona Urbana Rio Tijuana,Tijuana,Baja California,22010,México,-,85.0,0.0,0.0,85.0,0.0,-0.0,85.0,85.0,
65883809124-00445,Clinica Dental Integral,4505,23/05/2025,30/05/2025,Clinica Dental Integral,-,Blvrd Gral Rodolfo Sánchez Taboada 1600-Int. 16,Zona Urbana Rio Tijuana,Tijuana,Baja California,22010,México,-,85.0,0.0,0.0,85.0,0.0,-0.0,85.0,85.0,
65883809124-00444,Clinica Dental Integral,4505,23/05/2025,30/05/2025,Clinica Dental Integral,-,Blvrd Gral Rodolfo Sánchez Taboada 1600-Int. 16,Zona Urbana Rio Tijuana,Tijuana,Baja California,22010,México,-,85.0,0.0,0.0,85.0,0.0,-0.0,85.0,85.0,
65883809124-00442,Superdental,1882,23/05/2025,30/05/2025,Superdental,-,Blvd. Agua Caliente 11988-Local 1,Agua Caliente,Tijuana,Baja California,22420,México,-,75.0,0.0,0.0,75.0,0.0,-0.0,75.0,75.0,
65883809124-00441,Maxilo Dental,6152,23/05/2025,30/05/2025,Maxilo Dental,-,Fray Servando Teresa de Mier 1351-206,Zona Urbana Rio Tijuana,Tijuana,Baja California,22010,México,-,75.0,0.0,0.0,75.0,0.0,-0.0,75.0,75.0,
65883809124-00439,Maxilo Dental,6152,23/05/2025,30/05/2025,Maxilo Dental,-,Fray Servando Teresa de Mier 1351-206,Zona Urbana Rio Tijuana,Tijuana,Baja California,22010,México,-,75.0,0.0,0.0,75.0,0.0,-0.0,75.0,75.0,
65883809124-00438,Clinica Dental Tijuana,2112,22/05/2025,30/05/2025,Clinica Dental Tijuana,-,Calle Emiliano Zapata 8042,Zona Centro,Tijuana,Baja California,22000,México,-,75.0,0.0,0.0,75.0,6.0,-0.0,81.0,81.0,
65883809124-00437,Clinica Dental Tijuana,2112,22/05/2025,30/05/2025,Clinica Dental Tijuana,-,Calle Emiliano Zapata 8042,Zona Centro,Tijuana,Baja California,22000,México,-,75.0,0.0,0.0,75.0,6.0,-0.0,81.0,81.0,
65883809124-00436,Real Dental Tijuana,2543,22/05/2025,30/05/2025,Real Dental Tijuana,-,Ignacio Manuel Altamirano 4567,Soler,Tijuana,Baja California,22530,México,-,75.0,0.0,0.0,75.0,0.0,-0.0,75.0,75.0,
65883809124-00435,Real Dental Tijuana,2543,22/05/2025,30/05/2025,Real Dental Tijuana,-,Ignacio Manuel Altamirano 4567,Soler,Tijuana,Baja California,22530,México,-,75.0,0.0,0.0,75.0,0.0,-0.0,75.0,75.0,
65883809124-00434,Superdental,1882,22/05/2025,30/05/2025,Superdental,-,Blvd. Agua Caliente 11988-Local 1,Agua Caliente,Tijuana,Baja California,22420,México,-,30.0,0.0,0.0,30.0,0.0,-0.0,30.0,30.0,
R-00027,Clinica Dental Paleo,6153,21/05/2025,23/05/2025,Clinica Dental Paleo,-,Flores Magon 1225,Zona Centro,Tijuana,Baja California,22000,México,-,140.0,0.0,0.0,140.0,0.0,-0.0,140.0,140.0,
65883809124-00443,Superdental,1882,17/05/2025,23/05/2025,Superdental,-,Blvd. Agua Caliente 11988-Local 1,Agua Caliente,Tijuana,Baja California,22420,México,-,85.0,0.0,0.0,85.0,0.0,-0.0,85.0,85.0,
65883809124-00433,Real Dental Tijuana,2543,16/05/2025,23/05/2025,Real Dental Tijuana,-,Ignacio Manuel Altamirano 4567,Soler,Tijuana,Baja California,22530,México,-,825.0,0.0,13.33,715.03,0.0,-0.0,715.03,715.03,
65883809124-00432,Clinica Dental Integral,4505,16/05/2025,23/05/2025,Clinica Dental Integral,-,Blvrd Gral Rodolfo Sánchez Taboada 1600-Int. 16,Zona Urbana Rio Tijuana,Tijuana,Baja California,22010,México,-,255.0,0.0,50.0,127.5,0.0,-0.0,127.5,127.5,
65883809124-00431,Clinica Dental Integral,4505,16/05/2025,23/05/2025,Clinica Dental Integral,-,Blvrd Gral Rodolfo Sánchez Taboada 1600-Int. 16,Zona Urbana Rio Tijuana,Tijuana,Baja California,22010,México,-,85.0,0.0,0.0,85.0,0.0,-0.0,85.0,85.0,
65883809124-00430,Superdental,1882,16/05/2025,23/05/2025,Superdental,-,Blvd. Agua Caliente 11988-Local 1,Agua Caliente,Tijuana,Baja California,22420,México,-,10.0,0.0,0.0,10.0,0.0,-0.0,10.0,10.0,
65883809124-00429,Horizon Dental Group,3297,15/05/2025,23/05/2025,Horizon Dental Group,-,C. Carrillo Puerto 1536-interior 203,Zona Centro,Tijuana,Baja California,22000,México,-,240.0,0.0,0.0,240.0,0.0,-0.0,240.0,240.0,
65883809124-00427,Real Dental Tijuana,2543,14/05/2025,23/05/2025,Real Dental Tijuana,-,Ignacio Manuel Altamirano 4567,Soler,Tijuana,Baja California,22530,México,-,300.0,0.0,0.0,300.0,0.0,-0.0,300.0,300.0,
65883809124-00425,Clinica Dental Integral,4505,13/05/2025,23/05/2025,Clinica Dental Integral,-,Blvrd Gral Rodolfo Sánchez Taboada 1600-Int. 16,Zona Urbana Rio Tijuana,Tijuana,Baja California,22010,México,-,20.0,0.0,0.0,20.0,0.0,-0.0,20.0,20.0,
R-00026,Clinica Dental Paleo,6153,13/05/2025,"",Clinica Dental Paleo,-,Flores Magon 1225,Zona Centro,Tijuana,Baja California,22000,México,-,70.0,0.0,0.0,70.0,0.0,-0.0,70.0,70.0,
65883809124-00424,Orion Dental,8832,12/05/2025,"",Orion Dental,-,Calle Emiliano Zapata 7727-int 5,Zona Centro,Tijuana,Baja California,22000,México,-,20.0,0.0,0.0,20.0,0.0,-0.0,20.0,20.0,
65883809124-00422,Clinica Dental Tijuana,2112,12/05/2025,23/05/2025,Clinica Dental Tijuana,-,Calle Emiliano Zapata 8042,Zona Centro,Tijuana,Baja California,22000,México,-,75.0,0.0,0.0,75.0,6.0,-0.0,81.0,81.0,
65883809124-00421,Clinica Dental Integral,4505,10/05/2025,16/05/2025,Clinica Dental Integral,-,Blvrd Gral Rodolfo Sánchez Taboada 1600-Int. 16,Zona Urbana Rio Tijuana,Tijuana,Baja California,22010,México,-,40.0,0.0,0.0,40.0,0.0,-0.0,40.0,40.0,
R-00025,Clinica Dental Tijuana,2112,09/05/2025,"",Clinica Dental Tijuana,-,Calle Emiliano Zapata 8042,Zona Centro,Tijuana,Baja California,22000,México,-,85.0,0.0,0.0,85.0,6.8,-0.0,91.8,91.8,
65883809124-00419,MEDICA,2565,07/05/2025,16/05/2025,MEDICA,-,P.º Ensenada 502,Playas de Tijuana Sección Jardines,Tijuana,Baja California,22500,México,-,85.0,0.0,0.0,85.0,0.0,-0.0,85.0,85.0,
65883809124-00418,Maxilo Dental,6152,06/05/2025,16/05/2025,Maxilo Dental,-,Fray Servando Teresa de Mier 1351-206,Zona Urbana Rio Tijuana,Tijuana,Baja California,22010,México,-,90.0,0.0,0.0,90.0,0.0,-0.0,90.0,90.0,
R-00024,Clinica Dental Paleo,6153,06/05/2025,"",Clinica Dental Paleo,-,Flores Magon 1225,Zona Centro,Tijuana,Baja California,22000,México,-,140.0,0.0,0.0,140.0,0.0,-0.0,140.0,140.0,
65883809124-00417,Clinica Dental Paleo,6153,05/05/2025,16/05/2025,Clinica Dental Paleo,-,Flores Magon 1225,Zona Centro,Tijuana,Baja California,22000,México,-,445.0,0.0,0.0,445.0,0.0,-0.0,445.0,445.0,
65883809124-00416,Horizon Dental Group,3297,04/05/2025,09/05/2025,Horizon Dental Group,-,C. Carrillo Puerto 1536-interior 203,Zona Centro,Tijuana,Baja California,22000,México,-,170.0,0.0,0.0,170.0,0.0,-0.0,170.0,170.0,
65883809124-00415,Horizon Dental Group,3297,04/05/2025,09/05/2025,Horizon Dental Group,-,C. Carrillo Puerto 1536-interior 203,Zona Centro,Tijuana,Baja California,22000,México,-,320.0,0.0,0.0,320.0,0.0,-0.0,320.0,320.0,
65883809124-00414,Horizon Dental Group,3297,04/05/2025,09/05/2025,Horizon Dental Group,-,C. Carrillo Puerto 1536-interior 203,Zona Centro,Tijuana,Baja California,22000,México,-,170.0,0.0,0.0,170.0,0.0,-0.0,170.0,170.0,
65883809124-00413,Clinica Dental Integral,4505,03/05/2025,09/05/2025,Clinica Dental Integral,-,Blvrd Gral Rodolfo Sánchez Taboada 1600-Int. 16,Zona Urbana Rio Tijuana,Tijuana,Baja California,22010,México,-,255.0,0.0,0.0,255.0,0.0,-0.0,255.0,255.0,
65883809124-00412,Real Dental Tijuana,2543,03/05/2025,09/05/2025,Real Dental Tijuana,-,Ignacio Manuel Altamirano 4567,Soler,Tijuana,Baja California,22530,México,-,270.0,0.0,0.0,270.0,0.0,-0.0,270.0,270.0,
65883809124-00410,Superdental,1882,02/05/2025,09/05/2025,Superdental,-,Blvd. Agua Caliente 11988-Local 1,Agua Caliente,Tijuana,Baja California,22420,México,-,75.0,0.0,0.0,75.0,0.0,-0.0,75.0,75.0,
65883809124-00409,Clinica Dental Tijuana,2112,02/05/2025,09/05/2025,Clinica Dental Tijuana,-,Calle Emiliano Zapata 8042,Zona Centro,Tijuana,Baja California,22000,México,-,75.0,0.0,0.0,75.0,6.0,-0.0,81.0,81.0,
65883809124-00408,Clinica Dental Tijuana,2112,02/05/2025,09/05/2025,Clinica Dental Tijuana,-,Calle Emiliano Zapata 8042,Zona Centro,Tijuana,Baja California,22000,México,-,75.0,0.0,0.0,75.0,6.0,-0.0,81.0,81.0,
65883809124-00405,Clinica Dental Paleo,6153,30/04/2025,09/05/2025,Clinica Dental Paleo,-,Flores Magon 1225,Zona Centro,Tijuana,Baja California,22000,México,-,170.0,0.0,0.0,170.0,0.0,-0.0,170.0,170.0,
65883809124-00404,Clinica Dental Paleo,6153,30/04/2025,09/05/2025,Clinica Dental Paleo,-,Flores Magon 1225,Zona Centro,Tijuana,Baja California,22000,México,-,85.0,0.0,0.0,85.0,0.0,-0.0,85.0,85.0,
65883809124-00406,Clinica Dental Paleo,6153,29/04/2025,"",Clinica Dental Paleo,-,Flores Magon 1225,Zona Centro,Tijuana,Baja California,22000,México,-,420.0,0.0,0.0,420.0,0.0,-0.0,420.0,420.0,
65883809124-00402,Clinica Dental Tijuana,2112,29/04/2025,29/04/2025,Clinica Dental Tijuana,-,Calle Emiliano Zapata 8042,Zona Centro,Tijuana,Baja California,22000,México,-,75.0,0.0,0.0,75.0,6.0,-0.0,81.0,81.0,
R-00020,Clinica Dental Paleo,6153,29/04/2025,"",Clinica Dental Paleo,-,Flores Magon 1225,Zona Centro,Tijuana,Baja California,22000,México,-,140.0,0.0,0.0,140.0,0.0,-0.0,140.0,140.0,
65883809124-00401,Clinica Dental Integral,4505,28/04/2025,02/05/2025,Clinica Dental Integral,-,Blvrd Gral Rodolfo Sánchez Taboada 1600-Int. 16,Zona Urbana Rio Tijuana,Tijuana,Baja California,22010,México,-,90.0,0.0,0.0,90.0,0.0,-0.0,90.0,90.0,
R-00019,Horizon Dental Group,3297,28/04/2025,28/04/2025,Horizon Dental Group,-,C. Carrillo Puerto 1536-interior 203,Zona Centro,Tijuana,Baja California,22000,México,-,170.0,0.0,0.0,170.0,0.0,-0.0,170.0,170.0,
R-00018,Horizon Dental Group,3297,28/04/2025,02/05/2025,Horizon Dental Group,-,C. Carrillo Puerto 1536-interior 203,Zona Centro,Tijuana,Baja California,22000,México,-,245.0,0.0,0.0,245.0,0.0,-0.0,245.0,245.0,
684348,Clinica Dental Tijuana,2112,26/04/2025,02/05/2025,Clinica Dental Tijuana,-,Calle Emiliano Zapata 8042,Zona Centro,Tijuana,Baja California,22000,México,-,75.0,0.0,0.0,75.0,6.0,-0.0,81.0,81.0,
684347,Clinica Dental Tijuana,2112,26/04/2025,02/05/2025,Clinica Dental Tijuana,-,Calle Emiliano Zapata 8042,Zona Centro,Tijuana,Baja California,22000,México,-,75.0,0.0,0.0,75.0,6.0,-0.0,81.0,81.0,
684346,Clinica Dental Tijuana,2112,26/04/2025,26/04/2025,Clinica Dental Tijuana,-,Calle Emiliano Zapata 8042,Zona Centro,Tijuana,Baja California,22000,México,-,75.0,0.0,0.0,75.0,6.0,-0.0,81.0,81.0,
R-00017,Superdental,1882,26/04/2025,02/05/2025,Superdental,-,Blvd. Agua Caliente 11988-Local 1,Agua Caliente,Tijuana,Baja California,22420,México,-,170.0,0.0,0.0,170.0,0.0,-0.0,170.0,170.0,
684345,Real Dental Tijuana,2543,25/04/2025,02/05/2025,Real Dental Tijuana,-,Ignacio Manuel Altamirano 4567,Soler,Tijuana,Baja California,22530,México,-,110.0,0.0,0.0,110.0,0.0,-0.0,110.0,110.0,
684343,Real Dental Tijuana,2543,25/04/2025,25/04/2025,Real Dental Tijuana,-,Ignacio Manuel Altamirano 4567,Soler,Tijuana,Baja California,22530,México,-,75.0,0.0,0.0,75.0,0.0,-0.0,75.0,75.0,
684342,Real Dental Tijuana,2543,25/04/2025,02/05/2025,Real Dental Tijuana,-,Ignacio Manuel Altamirano 4567,Soler,Tijuana,Baja California,22530,México,-,225.0,0.0,0.0,225.0,0.0,-0.0,225.0,225.0,
684341,Maxilo Dental,6152,25/04/2025,02/05/2025,Maxilo Dental,-,Fray Servando Teresa de Mier 1351-206,Zona Urbana Rio Tijuana,Tijuana,Baja California,22010,México,-,310.0,0.0,0.0,310.0,24.8,-0.0,334.8,334.8,
684340,Clinica Dental Integral,4505,25/04/2025,02/05/2025,Clinica Dental Integral,-,Blvrd Gral Rodolfo Sánchez Taboada 1600-Int. 16,Zona Urbana Rio Tijuana,Tijuana,Baja California,22010,México,-,180.0,0.0,0.0,180.0,0.0,-0.0,180.0,180.0,
R-00016,Dental Bellas Artes,4482,25/04/2025,02/05/2025,Dental Bellas Artes,-,Blvd. de las Bellas Artes 341,Nueva Tijuana,Tijuana,Baja California,22435,México,-,140.0,0.0,0.0,140.0,0.0,-0.0,140.0,140.0,
R-00015,Clinica Dental Paleo,6153,25/04/2025,"",Clinica Dental Paleo,-,Flores Magon 1225,Zona Centro,Tijuana,Baja California,22000,México,-,420.0,0.0,0.0,420.0,0.0,-0.0,420.0,420.0,
888152,Dental Bellas Artes,4482,22/04/2025,25/04/2025,Dental Bellas Artes,-,Blvd. de las Bellas Artes 341,Nueva Tijuana,Tijuana,Baja California,22435,México,-,155.0,0.0,0.0,155.0,0.0,-0.0,155.0,155.0,
684339,Real Dental Tijuana,2543,22/04/2025,25/04/2025,Real Dental Tijuana,-,Ignacio Manuel Altamirano 4567,Soler,Tijuana,Baja California,22530,México,-,75.0,0.0,0.0,75.0,0.0,-0.0,75.0,75.0,
684338,Real Dental Tijuana,2543,22/04/2025,25/04/2025,Real Dental Tijuana,-,Ignacio Manuel Altamirano 4567,Soler,Tijuana,Baja California,22530,México,-,75.0,0.0,0.0,75.0,0.0,-0.0,75.0,75.0,
684337,Real Dental Tijuana,2543,22/04/2025,25/04/2025,Real Dental Tijuana,-,Ignacio Manuel Altamirano 4567,Soler,Tijuana,Baja California,22530,México,-,75.0,0.0,0.0,75.0,0.0,-0.0,75.0,75.0,
684336,Real Dental Tijuana,2543,22/04/2025,25/04/2025,Real Dental Tijuana,-,Ignacio Manuel Altamirano 4567,Soler,Tijuana,Baja California,22530,México,-,75.0,0.0,0.0,75.0,0.0,-0.0,75.0,75.0,
684334,Real Dental Tijuana,2543,22/04/2025,25/04/2025,Real Dental Tijuana,-,Ignacio Manuel Altamirano 4567,Soler,Tijuana,Baja California,22530,México,-,75.0,0.0,0.0,75.0,0.0,-0.0,75.0,75.0,
684332,Real Dental Tijuana,2543,22/04/2025,25/04/2025,Real Dental Tijuana,-,Ignacio Manuel Altamirano 4567,Soler,Tijuana,Baja California,22530,México,-,75.0,0.0,0.0,75.0,0.0,-0.0,75.0,75.0,
684331,Real Dental Tijuana,2543,22/04/2025,25/04/2025,Real Dental Tijuana,-,Ignacio Manuel Altamirano 4567,Soler,Tijuana,Baja California,22530,México,-,75.0,0.0,0.0,75.0,0.0,-0.0,75.0,75.0,
684330,Dental Bellas Artes,4482,22/04/2025,25/04/2025,Dental Bellas Artes,-,Blvd. de las Bellas Artes 341,Nueva Tijuana,Tijuana,Baja California,22435,México,-,90.0,0.0,0.0,90.0,0.0,-0.0,90.0,90.0,
684328,Horizon Dental Group,3297,22/04/2025,02/05/2025,Horizon Dental Group,-,C. Carrillo Puerto 1536-interior 203,Zona Centro,Tijuana,Baja California,22000,México,-,80.0,0.0,0.0,80.0,0.0,-0.0,80.0,80.0,
684327,Clinica Dental Tijuana,2112,21/04/2025,02/05/2025,Clinica Dental Tijuana,-,Calle Emiliano Zapata 8042,Zona Centro,Tijuana,Baja California,22000,México,-,75.0,0.0,0.0,75.0,6.0,-0.0,81.0,81.0,
684326,Clinica Dental Tijuana,2112,21/04/2025,02/05/2025,Clinica Dental Tijuana,-,Calle Emiliano Zapata 8042,Zona Centro,Tijuana,Baja California,22000,México,-,375.0,0.0,0.0,375.0,30.0,-0.0,405.0,405.0,
R-00014,MEDICA,2565,21/04/2025,02/05/2025,MEDICA,-,P.º Ensenada 502,Playas de Tijuana Sección Jardines,Tijuana,Baja California,22500,México,-,170.0,0.0,0.0,170.0,0.0,-0.0,170.0,170.0,
R-00013,Clinica Dental Integral,4505,21/04/2025,25/04/2025,Clinica Dental Integral,-,Blvrd Gral Rodolfo Sánchez Taboada 1600-Int. 16,Zona Urbana Rio Tijuana,Tijuana,Baja California,22010,México,-,100.0,0.0,0.0,100.0,0.0,-0.0,100.0,100.0,
684325,Clinica Dental Tijuana,2112,17/04/2025,25/04/2025,Clinica Dental Tijuana,-,Calle Emiliano Zapata 8042,Zona Centro,Tijuana,Baja California,22000,México,-,255.0,0.0,0.0,255.0,20.4,-0.0,275.4,275.4,
R-00009,Clinica Dental Paleo,6153,17/04/2025,"",Clinica Dental Paleo,-,Flores Magon 1225,Zona Centro,Tijuana,Baja California,22000,México,-,70.0,0.0,0.0,70.0,0.0,-0.0,70.0,70.0,
888150,Maxilo Dental,6152,16/04/2025,25/04/2025,Maxilo Dental,-,Fray Servando Teresa de Mier 1351-206,Zona Urbana Rio Tijuana,Tijuana,Baja California,22010,México,-,90.0,0.0,0.0,90.0,0.0,-0.0,90.0,90.0,
R-00023,Clinica Dental Paleo,6153,16/04/2025,"",Clinica Dental Paleo,-,Flores Magon 1225,Zona Centro,Tijuana,Baja California,22000,México,-,70.0,0.0,0.0,70.0,0.0,-0.0,70.0,70.0,
888149,Clinica Dental Tijuana,2112,15/04/2025,25/04/2025,Clinica Dental Tijuana,-,Calle Emiliano Zapata 8042,Zona Centro,Tijuana,Baja California,22000,México,-,150.0,0.0,0.0,150.0,12.0,-0.0,162.0,162.0,
888148,Superdental,1882,15/04/2025,25/04/2025,Superdental,-,Blvd. Agua Caliente 11988-Local 1,Agua Caliente,Tijuana,Baja California,22420,México,-,320.0,0.0,0.0,320.0,0.0,-0.0,320.0,320.0,
888147,Clinica Dental Tijuana,2112,14/04/2025,25/04/2025,Clinica Dental Tijuana,-,Calle Emiliano Zapata 8042,Zona Centro,Tijuana,Baja California,22000,México,-,225.0,0.0,0.0,225.0,18.0,-0.0,243.0,243.0,
888146,Clinica Dental Tijuana,2112,14/04/2025,25/04/2025,Clinica Dental Tijuana,-,Calle Emiliano Zapata 8042,Zona Centro,Tijuana,Baja California,22000,México,-,75.0,0.0,0.0,75.0,6.0,-0.0,81.0,81.0,
888145,Clinica Dental Tijuana,2112,14/04/2025,25/04/2025,Clinica Dental Tijuana,-,Calle Emiliano Zapata 8042,Zona Centro,Tijuana,Baja California,22000,México,-,75.0,0.0,0.0,75.0,6.0,-0.0,81.0,81.0,
R-00008,MEDICA,2565,13/04/2025,18/04/2025,MEDICA,-,P.º Ensenada 502,Playas de Tijuana Sección Jardines,Tijuana,Baja California,22500,México,-,85.0,0.0,0.0,85.0,0.0,-0.0,85.0,85.0,
R-00007,MEDICA,2565,13/04/2025,18/04/2025,MEDICA,-,P.º Ensenada 502,Playas de Tijuana Sección Jardines,Tijuana,Baja California,22500,México,-,85.0,0.0,0.0,85.0,0.0,-0.0,85.0,85.0,
888144,Superdental,1882,12/04/2025,18/04/2025,Superdental,-,Blvd. Agua Caliente 11988-Local 1,Agua Caliente,Tijuana,Baja California,22420,México,-,75.0,0.0,0.0,75.0,0.0,-0.0,75.0,75.0,
888143,Real Dental Tijuana,2543,12/04/2025,18/04/2025,Real Dental Tijuana,-,Ignacio Manuel Altamirano 4567,Soler,Tijuana,Baja California,22530,México,-,75.0,0.0,0.0,75.0,0.0,-0.0,75.0,75.0,
888142,Clinica Dental Tijuana,2112,11/04/2025,18/04/2025,Clinica Dental Tijuana,-,Calle Emiliano Zapata 8042,Zona Centro,Tijuana,Baja California,22000,México,-,85.0,0.0,0.0,85.0,6.8,-0.0,91.8,91.8,
R-00022,Clinica Dental Paleo,6153,09/04/2025,"",Clinica Dental Paleo,-,Flores Magon 1225,Zona Centro,Tijuana,Baja California,22000,México,-,420.0,0.0,0.0,420.0,0.0,-0.0,420.0,420.0,
R-00006,Maxilo Dental,6152,09/04/2025,18/04/2025,Maxilo Dental,-,Fray Servando Teresa de Mier 1351-206,Zona Urbana Rio Tijuana,Tijuana,Baja California,22010,México,-,127.5,0.0,0.0,127.5,0.0,-0.0,127.5,127.5,
R-00005,Maxilo Dental,6152,09/04/2025,18/04/2025,Maxilo Dental,-,Fray Servando Teresa de Mier 1351-206,Zona Urbana Rio Tijuana,Tijuana,Baja California,22010,México,-,40.0,0.0,0.0,40.0,0.0,-0.0,40.0,40.0,
888141,Clinica Dental Paleo,6153,07/04/2025,18/04/2025,Clinica Dental Paleo,-,Flores Magon 1225,Zona Centro,Tijuana,Baja California,22000,México,-,160.0,0.0,0.0,160.0,0.0,-0.0,160.0,160.0,
888140,Clinica Dental Tijuana,2112,05/04/2025,11/04/2025,Clinica Dental Tijuana,-,Calle Emiliano Zapata 8042,Zona Centro,Tijuana,Baja California,22000,México,-,75.0,0.0,0.0,75.0,6.0,-0.0,81.0,81.0,
888139,Clinica Dental Tijuana,2112,03/04/2025,11/04/2025,Clinica Dental Tijuana,-,Calle Emiliano Zapata 8042,Zona Centro,Tijuana,Baja California,22000,México,-,85.0,0.0,0.0,85.0,6.8,-0.0,91.8,91.8,
888138,Clinica Dental Tijuana,2112,03/04/2025,11/04/2025,Clinica Dental Tijuana,-,Calle Emiliano Zapata 8042,Zona Centro,Tijuana,Baja California,22000,México,-,85.0,0.0,0.0,85.0,6.8,-0.0,91.8,91.8,
888137,Clinica Dental Tijuana,2112,03/04/2025,11/04/2025,Clinica Dental Tijuana,-,Calle Emiliano Zapata 8042,Zona Centro,Tijuana,Baja California,22000,México,-,170.0,0.0,0.0,170.0,13.6,-0.0,183.6,183.6,
R-00004,Clinica Dental Paleo,6153,03/04/2025,11/04/2025,Clinica Dental Paleo,-,Flores Magon 1225,Zona Centro,Tijuana,Baja California,22000,México,-,240.0,0.0,0.0,240.0,0.0,-0.0,240.0,240.0,
R-00003,Clinica Dental Paleo,6153,03/04/2025,"",Clinica Dental Paleo,-,Flores Magon 1225,Zona Centro,Tijuana,Baja California,22000,México,-,70.0,0.0,0.0,70.0,0.0,-0.0,70.0,70.0,
R-00002,Clinica Dental Paleo,6153,02/04/2025,"",Clinica Dental Paleo,-,Flores Magon 1225,Zona Centro,Tijuana,Baja California,22000,México,-,70.0,0.0,0.0,70.0,0.0,-0.0,70.0,70.0,
888136,MEDICA,2565,01/04/2025,11/04/2025,MEDICA,-,P.º Ensenada 502,Playas de Tijuana Sección Jardines,Tijuana,Baja California,22500,México,-,85.0,0.0,0.0,85.0,0.0,-0.0,85.0,85.0,
888135,Real Dental Tijuana,2543,31/03/2025,11/04/2025,Real Dental Tijuana,-,Ignacio Manuel Altamirano 4567,Soler,Tijuana,Baja California,22530,México,-,75.0,0.0,0.0,75.0,0.0,-0.0,75.0,75.0,
888134,Real Dental Tijuana,2543,31/03/2025,11/04/2025,Real Dental Tijuana,-,Ignacio Manuel Altamirano 4567,Soler,Tijuana,Baja California,22530,México,-,450.0,0.0,0.0,450.0,0.0,-0.0,450.0,450.0,
888133,Maxilo Dental,6152,31/03/2025,11/04/2025,Maxilo Dental,-,Fray Servando Teresa de Mier 1351-206,Zona Urbana Rio Tijuana,Tijuana,Baja California,22010,México,-,480.0,0.0,0.0,480.0,0.0,-0.0,480.0,480.0,
888132,Superdental,1882,29/03/2025,04/04/2025,Superdental,-,Blvd. Agua Caliente 11988-Local 1,Agua Caliente,Tijuana,Baja California,22420,México,-,30.0,0.0,0.0,30.0,0.0,-0.0,30.0,30.0,
R-00001,Clinica Dental Paleo,6153,29/03/2025,"",Clinica Dental Paleo,-,Flores Magon 1225,Zona Centro,Tijuana,Baja California,22000,México,-,280.0,0.0,0.0,280.0,0.0,-0.0,280.0,280.0,
888131,Clinica Dental Paleo,6153,28/03/2025,04/04/2025,Clinica Dental Paleo,-,Flores Magon 1225,Zona Centro,Tijuana,Baja California,22000,México,-,240.0,0.0,0.0,240.0,0.0,-0.0,240.0,240.0,
888130,Superdental,1882,27/03/2025,03/04/2025,Superdental,-,Blvd. Agua Caliente 11988-Local 1,Agua Caliente,Tijuana,Baja California,22420,México,-,150.0,0.0,0.0,150.0,0.0,-0.0,150.0,150.0,
888129,Superdental,1882,27/03/2025,04/04/2025,Superdental,-,Blvd. Agua Caliente 11988-Local 1,Agua Caliente,Tijuana,Baja California,22420,México,-,80.0,0.0,0.0,80.0,0.0,-0.0,80.0,80.0,
888128,Horizon Dental Group,3297,26/03/2025,04/04/2025,Horizon Dental Group,-,C. Carrillo Puerto 1536-interior 203,Zona Centro,Tijuana,Baja California,22000,México,-,80.0,0.0,0.0,80.0,0.0,-0.0,80.0,80.0,
888127,Clinica Dental Tijuana,2112,26/03/2025,04/04/2025,Clinica Dental Tijuana,-,Calle Emiliano Zapata 8042,Zona Centro,Tijuana,Baja California,22000,México,-,90.0,0.0,0.0,90.0,7.2,-0.0,97.2,97.2,
888125.1,Real Dental Tijuana,2543,25/03/2025,28/03/2025,Real Dental Tijuana,-,Ignacio Manuel Altamirano 4567,Soler,Tijuana,Baja California,22530,México,-,20.0,0.0,0.0,20.0,0.0,-0.0,20.0,20.0,
888124.1,Clinica Dental Tijuana,2112,25/03/2025,04/04/2025,Clinica Dental Tijuana,-,Calle Emiliano Zapata 8042,Zona Centro,Tijuana,Baja California,22000,México,-,180.0,0.0,0.0,180.0,14.4,-0.0,194.4,194.4,
888126,Real Dental Tijuana,2543,24/03/2025,28/03/2025,Real Dental Tijuana,-,Ignacio Manuel Altamirano 4567,Soler,Tijuana,Baja California,22530,México,-,75.0,0.0,0.0,75.0,0.0,-0.0,75.0,75.0,
888125,Clinica Dental Tijuana,2112,24/03/2025,28/03/2025,Clinica Dental Tijuana,-,Calle Emiliano Zapata 8042,Zona Centro,Tijuana,Baja California,22000,México,-,85.0,0.0,0.0,85.0,6.8,-0.0,91.8,91.8,
888123,Horizon Dental Group,3297,24/03/2025,28/03/2025,Horizon Dental Group,-,C. Carrillo Puerto 1536-interior 203,Zona Centro,Tijuana,Baja California,22000,México,-,170.0,0.0,0.0,170.0,0.0,-0.0,170.0,170.0,
888121,MEDICA,2565,22/03/2025,28/03/2025,MEDICA,-,P.º Ensenada 502,Playas de Tijuana Sección Jardines,Tijuana,Baja California,22500,México,-,340.0,0.0,0.0,340.0,0.0,-0.0,340.0,340.0,
888120,MEDICA,2565,22/03/2025,28/03/2025,MEDICA,-,P.º Ensenada 502,Playas de Tijuana Sección Jardines,Tijuana,Baja California,22500,México,-,85.0,0.0,0.0,85.0,0.0,-0.0,85.0,85.0,
888119,MEDICA,2565,21/03/2025,28/03/2025,MEDICA,-,P.º Ensenada 502,Playas de Tijuana Sección Jardines,Tijuana,Baja California,22500,México,-,85.0,0.0,0.0,85.0,0.0,-0.0,85.0,85.0,
888118.1,Clinica Dental Tijuana,2112,21/03/2025,28/03/2025,Clinica Dental Tijuana,-,Calle Emiliano Zapata 8042,Zona Centro,Tijuana,Baja California,22000,México,-,85.0,0.0,0.0,85.0,6.8,-0.0,91.8,91.8,
888117.1,Dr. Sergio Duarte,1979,19/03/2025,28/03/2025,Dr. Sergio Duarte,-,Pastor Ramos 350,Empleados Federales,Tijuana,Baja California,22010,México,-,85.0,0.0,0.0,85.0,0.0,-0.0,85.0,85.0,
888116.1,Maxilo Dental,6152,19/03/2025,28/03/2025,Maxilo Dental,-,Fray Servando Teresa de Mier 1351-206,Zona Urbana Rio Tijuana,Tijuana,Baja California,22010,México,-,170.0,0.0,0.0,170.0,0.0,-0.0,170.0,170.0,
888115.1,Clinica Dental Tijuana,2112,18/03/2025,28/03/2025,Clinica Dental Tijuana,-,Calle Emiliano Zapata 8042,Zona Centro,Tijuana,Baja California,22000,México,-,90.0,0.0,0.0,90.0,7.2,-0.0,97.2,97.2,
888114.1,Clinica Dental Tijuana,2112,15/03/2025,21/03/2025,Clinica Dental Tijuana,-,Calle Emiliano Zapata 8042,Zona Centro,Tijuana,Baja California,22000,México,-,85.0,0.0,0.0,85.0,6.8,-0.0,91.8,91.8,
888113.1,Clinica Dental Tijuana,2112,15/03/2025,21/03/2025,Clinica Dental Tijuana,-,Calle Emiliano Zapata 8042,Zona Centro,Tijuana,Baja California,22000,México,-,85.0,0.0,0.0,85.0,6.8,-0.0,91.8,91.8,
888118,Clinica Dental Paleo,6153,14/03/2025,21/03/2025,Clinica Dental Paleo,-,Flores Magon 1225,Zona Centro,Tijuana,Baja California,22000,México,-,395.0,0.0,30.0,276.5,0.0,-0.0,276.5,276.5,
888117,Clinica Dental Paleo,6153,12/03/2025,"",Clinica Dental Paleo,-,Flores Magon 1225,Zona Centro,Tijuana,Baja California,22000,México,-,70.0,0.0,0.0,70.0,0.0,-0.0,70.0,70.0,
888112.1,Clinica Dental Tijuana,2112,12/03/2025,14/03/2025,Clinica Dental Tijuana,-,Calle Emiliano Zapata 8042,Zona Centro,Tijuana,Baja California,22000,México,-,540.0,0.0,0.0,540.0,0.0,-0.0,540.0,540.0,
888116,Clinica Dental Tijuana,2112,10/03/2025,22/02/2025,Clinica Dental Tijuana,-,Calle Emiliano Zapata 8042,Zona Centro,Tijuana,Baja California,22000,México,-,610.0,0.0,0.0,610.0,0.0,-0.0,610.0,610.0,
888115,MEDICA,2565,10/03/2025,14/03/2025,MEDICA,-,P.º Ensenada 502,Playas de Tijuana Sección Jardines,Tijuana,Baja California,22500,México,-,170.0,0.0,0.0,170.0,0.0,-0.0,170.0,170.0,
888114,Dental Bellas Artes,4482,10/03/2025,"",Dental Bellas Artes,-,Blvd. de las Bellas Artes 341,Nueva Tijuana,Tijuana,Baja California,22435,México,-,85.0,0.0,0.0,85.0,0.0,-0.0,85.0,85.0,
888113,Dental Bellas Artes,4482,10/03/2025,"",Dental Bellas Artes,-,Blvd. de las Bellas Artes 341,Nueva Tijuana,Tijuana,Baja California,22435,México,-,0.0,0.0,0.0,0.0,0.0,-0.0,0.0,0.0,
888112,Real Dental Tijuana,2543,10/03/2025,"",Real Dental Tijuana,-,Ignacio Manuel Altamirano 4567,Soler,Tijuana,Baja California,22530,México,-,75.0,0.0,0.0,75.0,0.0,-0.0,75.0,75.0,
888111,Clinica Dental Paleo,6153,10/03/2025,14/03/2025,Clinica Dental Paleo,-,Flores Magon 1225,Zona Centro,Tijuana,Baja California,22000,México,-,595.0,0.0,0.0,595.0,0.0,-0.0,595.0,595.0,
888110,Clinica Dental Paleo,6153,10/03/2025,14/03/2025,Clinica Dental Paleo,-,Flores Magon 1225,Zona Centro,Tijuana,Baja California,22000,México,-,170.0,0.0,0.0,170.0,0.0,-0.0,170.0,170.0,
888109,Clinica Dental Paleo,6153,10/03/2025,14/03/2025,Clinica Dental Paleo,-,Flores Magon 1225,Zona Centro,Tijuana,Baja California,22000,México,-,80.0,0.0,0.0,80.0,0.0,-0.0,80.0,80.0,
888107,Real Dental Tijuana,2543,08/03/2025,"",Real Dental Tijuana,-,Ignacio Manuel Altamirano 4567,Soler,Tijuana,Baja California,22530,México,-,75.0,0.0,0.0,75.0,0.0,-0.0,75.0,75.0,
888106,Clinica Dental Tijuana,2112,08/03/2025,"",Clinica Dental Tijuana,-,Calle Emiliano Zapata 8042,Zona Centro,Tijuana,Baja California,22000,México,-,85.0,0.0,0.0,85.0,6.8,-0.0,91.8,91.8,
888103,Horizon Dental Group,3297,04/03/2025,14/03/2025,Horizon Dental Group,-,C. Carrillo Puerto 1536-interior 203,Zona Centro,Tijuana,Baja California,22000,México,-,250.0,0.0,0.0,250.0,0.0,-0.0,250.0,250.0,
888102,Horizon Dental Group,3297,04/03/2025,14/03/2025,Horizon Dental Group,-,C. Carrillo Puerto 1536-interior 203,Zona Centro,Tijuana,Baja California,22000,México,-,160.0,0.0,0.0,160.0,0.0,-0.0,160.0,160.0,
00103,Smile Design California,3390,04/03/2025,"",Smile Design California,-,P.º de los Héroes 10289-Piso 8 Int 8002,Zona Urbana Rio Tijuana,Tijuana,Baja California,22416,México,-,956.25,0.0,0.0,956.25,0.0,-0.0,956.25,956.25,
00102,Clinica Dental Paleo,6153,04/03/2025,"",Clinica Dental Paleo,-,Flores Magon 1225,Zona Centro,Tijuana,Baja California,22000,México,-,0.0,0.0,0.0,0.0,0.0,-0.0,0.0,0.0,
00101,Clinica Dental Paleo,6153,04/03/2025,"",Clinica Dental Paleo,-,Flores Magon 1225,Zona Centro,Tijuana,Baja California,22000,México,-,0.0,0.0,0.0,0.0,0.0,-0.0,0.0,0.0,
00100,Clinica Dental Paleo,6153,04/03/2025,"",Clinica Dental Paleo,-,Flores Magon 1225,Zona Centro,Tijuana,Baja California,22000,México,-,0.0,0.0,0.0,0.0,0.0,-0.0,0.0,0.0,
00099,Clinica Dental Paleo,6153,26/02/2025,"",Clinica Dental Paleo,-,Flores Magon 1225,Zona Centro,Tijuana,Baja California,22000,México,-,70.0,0.0,0.0,70.0,0.0,-0.0,70.0,70.0,
00098,Horizon Dental Group,3297,26/02/2025,07/03/2025,Horizon Dental Group,-,C. Carrillo Puerto 1536-interior 203,Zona Centro,Tijuana,Baja California,22000,México,-,250.0,0.0,0.0,250.0,0.0,-0.0,250.0,250.0,
00097,Clinica Dental Tijuana,2112,26/02/2025,07/03/2025,Clinica Dental Tijuana,-,Calle Emiliano Zapata 8042,Zona Centro,Tijuana,Baja California,22000,México,-,85.0,0.0,0.0,85.0,6.8,-0.0,91.8,91.8,
00096,Real Dental Tijuana,2543,26/02/2025,07/03/2025,Real Dental Tijuana,-,Ignacio Manuel Altamirano 4567,Soler,Tijuana,Baja California,22530,México,-,75.0,0.0,0.0,75.0,0.0,-0.0,75.0,75.0,
00095,Maxilo Dental,6152,25/02/2025,07/03/2025,Maxilo Dental,-,Fray Servando Teresa de Mier 1351-206,Zona Urbana Rio Tijuana,Tijuana,Baja California,22010,México,-,85.0,0.0,0.0,85.0,0.0,-0.0,85.0,85.0,
00094,Clinica Dental Paleo,6153,25/02/2025,"",Clinica Dental Paleo,-,Flores Magon 1225,Zona Centro,Tijuana,Baja California,22000,México,-,70.0,0.0,0.0,70.0,0.0,-0.0,70.0,70.0,
00093,Clinica Dental Tijuana,2112,24/02/2025,07/03/2025,Clinica Dental Tijuana,-,Calle Emiliano Zapata 8042,Zona Centro,Tijuana,Baja California,22000,México,-,85.0,0.0,0.0,85.0,6.8,-0.0,91.8,91.8,
00092,Clinica Dental Tijuana,2112,22/02/2025,28/02/2025,Clinica Dental Tijuana,-,Calle Emiliano Zapata 8042,Zona Centro,Tijuana,Baja California,22000,México,-,85.0,0.0,0.0,85.0,6.8,-0.0,91.8,91.8,
00091,Dental Bellas Artes,4482,21/02/2025,28/02/2025,Dental Bellas Artes,-,Blvd. de las Bellas Artes 341,Nueva Tijuana,Tijuana,Baja California,22435,México,-,85.0,0.0,0.0,85.0,0.0,-0.0,85.0,85.0,
00090,Maxilo Dental,6152,21/02/2025,21/02/2025,Maxilo Dental,-,Fray Servando Teresa de Mier 1351-206,Zona Urbana Rio Tijuana,Tijuana,Baja California,22010,México,-,200.0,0.0,0.0,200.0,0.0,-0.0,200.0,200.0,
00089,Maxilo Dental,6152,21/02/2025,"",Maxilo Dental,-,Fray Servando Teresa de Mier 1351-206,Zona Urbana Rio Tijuana,Tijuana,Baja California,22010,México,-,75.0,0.0,0.0,75.0,0.0,-0.0,75.0,75.0,
00088,Maxilo Dental,6152,21/02/2025,28/02/2025,Maxilo Dental,-,Fray Servando Teresa de Mier 1351-206,Zona Urbana Rio Tijuana,Tijuana,Baja California,22010,México,-,75.0,0.0,0.0,75.0,0.0,-0.0,75.0,75.0,
00087,Clinica Dental Tijuana,2112,20/02/2025,21/02/2025,Clinica Dental Tijuana,-,Calle Emiliano Zapata 8042,Zona Centro,Tijuana,Baja California,22000,México,-,630.0,0.0,0.0,630.0,0.0,-0.0,630.0,630.0,
00086,Dentofacial Group,4782,19/02/2025,"",Dentofacial Group,-,Av. Mutualismo 931-A,Zona Centro,Tijuana,Baja California,22000,México,-,77.5,0.0,0.0,77.5,0.0,-0.0,77.5,55.0,
00085,Clinica Dental Tijuana,2112,19/02/2025,28/02/2025,Clinica Dental Tijuana,-,Calle Emiliano Zapata 8042,Zona Centro,Tijuana,Baja California,22000,México,-,85.0,0.0,0.0,85.0,6.8,-0.0,91.8,91.8,
00084,Superdental,1882,19/02/2025,"",Superdental,-,Blvd. Agua Caliente 11988-Local 1,Agua Caliente,Tijuana,Baja California,22420,México,-,10.0,0.0,0.0,10.0,0.0,-0.0,10.0,10.0,
00083,Superdental,1882,19/02/2025,28/02/2025,Superdental,-,Blvd. Agua Caliente 11988-Local 1,Agua Caliente,Tijuana,Baja California,22420,México,-,80.0,0.0,0.0,80.0,0.0,-0.0,80.0,80.0,
00082,Smile Design California,3390,18/02/2025,28/02/2025,Smile Design California,-,P.º de los Héroes 10289-Piso 8 Int 8002,Zona Urbana Rio Tijuana,Tijuana,Baja California,22416,México,-,42.5,0.0,0.0,42.5,0.0,-0.0,42.5,42.5,
00081,Clinica Dental Paleo,6153,15/02/2025,"",Clinica Dental Paleo,-,Flores Magon 1225,Zona Centro,Tijuana,Baja California,22000,México,-,140.0,0.0,0.0,140.0,0.0,-0.0,140.0,140.0,
00080,Superdental,1882,15/02/2025,21/02/2025,Superdental,-,Blvd. Agua Caliente 11988-Local 1,Agua Caliente,Tijuana,Baja California,22420,México,-,400.0,0.0,0.0,400.0,0.0,-0.0,400.0,400.0,
00079,Maxilo Dental,6152,15/02/2025,21/02/2025,Maxilo Dental,-,Fray Servando Teresa de Mier 1351-206,Zona Urbana Rio Tijuana,Tijuana,Baja California,22010,México,-,85.0,0.0,0.0,85.0,6.8,-0.0,91.8,91.8,
00078,Maxilo Dental,6152,15/02/2025,21/02/2025,Maxilo Dental,-,Fray Servando Teresa de Mier 1351-206,Zona Urbana Rio Tijuana,Tijuana,Baja California,22010,México,-,660.0,0.0,0.0,660.0,52.8,-0.0,712.8,712.8,
00077,Clinica Dental Tijuana,2112,14/02/2025,21/02/2025,Clinica Dental Tijuana,-,Calle Emiliano Zapata 8042,Zona Centro,Tijuana,Baja California,22000,México,-,85.0,0.0,0.0,85.0,6.8,-0.0,91.8,91.8,
00076,Clinica Dental Tijuana,2112,14/02/2025,21/02/2025,Clinica Dental Tijuana,-,Calle Emiliano Zapata 8042,Zona Centro,Tijuana,Baja California,22000,México,-,85.0,0.0,0.0,85.0,6.8,-0.0,91.8,91.8,
00075,MEDICA,2565,14/02/2025,21/02/2025,MEDICA,-,P.º Ensenada 502,Playas de Tijuana Sección Jardines,Tijuana,Baja California,22500,México,-,105.0,0.0,0.0,105.0,0.0,-0.0,105.0,105.0,
00074,Real Dental Tijuana,2543,14/02/2025,21/02/2025,Real Dental Tijuana,-,Ignacio Manuel Altamirano 4567,Soler,Tijuana,Baja California,22530,México,-,75.0,0.0,0.0,75.0,0.0,-0.0,75.0,75.0,
00073,Maxilo Dental,6152,14/02/2025,21/02/2025,Maxilo Dental,-,Fray Servando Teresa de Mier 1351-206,Zona Urbana Rio Tijuana,Tijuana,Baja California,22010,México,-,75.0,0.0,0.0,75.0,0.0,-0.0,75.0,75.0,
00071,Real Dental Tijuana,2543,14/02/2025,"",Real Dental Tijuana,-,Ignacio Manuel Altamirano 4567,Soler,Tijuana,Baja California,22530,México,-,450.0,0.0,0.0,450.0,0.0,-0.0,450.0,450.0,
00070,Smile Design California,3390,12/02/2025,21/02/2025,Smile Design California,-,P.º de los Héroes 10289-Piso 8 Int 8002,Zona Urbana Rio Tijuana,Tijuana,Baja California,22416,México,-,85.0,0.0,0.0,85.0,0.0,-0.0,85.0,85.0,
00069,Clinica Dental Tijuana,2112,10/02/2025,14/02/2025,Clinica Dental Tijuana,-,Calle Emiliano Zapata 8042,Zona Centro,Tijuana,Baja California,22000,México,-,120.0,0.0,0.0,120.0,9.6,-0.0,129.6,129.6,
00068,Clinica Dental Tijuana,2112,10/02/2025,21/02/2025,Clinica Dental Tijuana,-,Calle Emiliano Zapata 8042,Zona Centro,Tijuana,Baja California,22000,México,-,85.0,0.0,0.0,85.0,6.8,-0.0,91.8,91.8,
00067,Clinica Dental Tijuana,2112,10/02/2025,21/02/2025,Clinica Dental Tijuana,-,Calle Emiliano Zapata 8042,Zona Centro,Tijuana,Baja California,22000,México,-,255.0,0.0,0.0,255.0,20.4,-0.0,275.4,275.4,
00066,Clinica Dental Paleo,6153,08/02/2025,"",Clinica Dental Paleo,-,Flores Magon 1225,Zona Centro,Tijuana,Baja California,22000,México,-,0.0,0.0,0.0,0.0,0.0,-0.0,0.0,0.0,
00065,Horizon Dental Group,3297,07/02/2025,14/02/2025,Horizon Dental Group,-,C. Carrillo Puerto 1536-interior 203,Zona Centro,Tijuana,Baja California,22000,México,-,85.0,0.0,0.0,85.0,0.0,-0.0,85.0,85.0,
00064,Horizon Dental Group,3297,07/02/2025,14/02/2025,Horizon Dental Group,-,C. Carrillo Puerto 1536-interior 203,Zona Centro,Tijuana,Baja California,22000,México,-,320.0,0.0,0.0,320.0,0.0,-0.0,320.0,320.0,
00063,Clinica Dental Tijuana,2112,07/02/2025,14/02/2025,Clinica Dental Tijuana,-,Calle Emiliano Zapata 8042,Zona Centro,Tijuana,Baja California,22000,México,-,85.0,0.0,0.0,85.0,6.8,-0.0,91.8,91.8,
00062,Clinica Dental Paleo,6153,07/02/2025,"",Clinica Dental Paleo,-,Flores Magon 1225,Zona Centro,Tijuana,Baja California,22000,México,-,0.0,0.0,0.0,0.0,0.0,-0.0,0.0,0.0,
00061,Clinica Dental Paleo,6153,07/02/2025,"",Clinica Dental Paleo,-,Flores Magon 1225,Zona Centro,Tijuana,Baja California,22000,México,-,70.0,0.0,0.0,70.0,0.0,-0.0,70.0,70.0,
00060,Horizon Dental Group,3297,07/02/2025,14/02/2025,Horizon Dental Group,-,C. Carrillo Puerto 1536-interior 203,Zona Centro,Tijuana,Baja California,22000,México,-,40.0,0.0,0.0,40.0,0.0,-0.0,40.0,40.0,
00059,Dentofacial Group,4782,07/02/2025,14/02/2025,Dentofacial Group,-,Av. Mutualismo 931-A,Zona Centro,Tijuana,Baja California,22000,México,-,145.0,0.0,0.0,145.0,0.0,-0.0,145.0,145.0,
00058,Horizon Dental Group,3297,07/02/2025,14/02/2025,Horizon Dental Group,-,C. Carrillo Puerto 1536-interior 203,Zona Centro,Tijuana,Baja California,22000,México,-,160.0,0.0,0.0,160.0,0.0,-0.0,160.0,160.0,
00057,Clinica Dental Tijuana,2112,07/02/2025,14/02/2025,Clinica Dental Tijuana,-,Calle Emiliano Zapata 8042,Zona Centro,Tijuana,Baja California,22000,México,-,85.0,0.0,0.0,85.0,6.8,-0.0,91.8,91.8,Transferencia Bancaria
00056,Maxilo Dental,6152,07/02/2025,14/02/2025,Maxilo Dental,-,Fray Servando Teresa de Mier 1351-206,Zona Urbana Rio Tijuana,Tijuana,Baja California,22010,México,-,10.0,0.0,0.0,10.0,0.0,-0.0,10.0,10.0,
00055,MEDICA,2565,31/01/2025,07/02/2025,MEDICA,-,P.º Ensenada 502,Playas de Tijuana Sección Jardines,Tijuana,Baja California,22500,México,-,85.0,0.0,0.0,85.0,0.0,-0.0,85.0,85.0,
00054,MEDICA,2565,31/01/2025,07/02/2025,MEDICA,-,P.º Ensenada 502,Playas de Tijuana Sección Jardines,Tijuana,Baja California,22500,México,-,85.0,0.0,0.0,85.0,0.0,-0.0,85.0,85.0,
00053,MEDICA,2565,31/01/2025,07/02/2025,MEDICA,-,P.º Ensenada 502,Playas de Tijuana Sección Jardines,Tijuana,Baja California,22500,México,-,85.0,0.0,0.0,85.0,0.0,-0.0,85.0,85.0,
00052,Maxilo Dental,6152,31/01/2025,07/02/2025,Maxilo Dental,-,Fray Servando Teresa de Mier 1351-206,Zona Urbana Rio Tijuana,Tijuana,Baja California,22010,México,-,85.0,0.0,0.0,85.0,0.0,-0.0,85.0,85.0,
00051,Clinica Dental Paleo,6153,31/01/2025,"",Clinica Dental Paleo,-,Flores Magon 1225,Zona Centro,Tijuana,Baja California,22000,México,-,0.0,0.0,0.0,0.0,0.0,-0.0,0.0,0.0,
00050,Clinica Dental Paleo,6153,31/01/2025,"",Clinica Dental Paleo,-,Flores Magon 1225,Zona Centro,Tijuana,Baja California,22000,México,-,0.0,0.0,0.0,0.0,0.0,-0.0,0.0,0.0,
00049,Clinica Dental Paleo,6153,31/01/2025,14/02/2025,Clinica Dental Paleo,-,Flores Magon 1225,Zona Centro,Tijuana,Baja California,22000,México,-,160.0,0.0,0.0,160.0,0.0,-0.0,160.0,160.0,
00048,Clinica Dental Paleo,6153,30/01/2025,31/01/2025,Clinica Dental Paleo,-,Flores Magon 1225,Zona Centro,Tijuana,Baja California,22000,México,-,80.0,0.0,0.0,80.0,0.0,-0.0,80.0,80.0,
00047,Clinica Dental Paleo,6153,30/01/2025,08/02/2025,Clinica Dental Paleo,-,Flores Magon 1225,Zona Centro,Tijuana,Baja California,22000,México,-,80.0,0.0,0.0,80.0,0.0,-0.0,80.0,80.0,
00046,Clinica Dental Tijuana,2112,29/01/2025,08/02/2025,Clinica Dental Tijuana,-,Calle Emiliano Zapata 8042,Zona Centro,Tijuana,Baja California,22000,México,-,340.0,0.0,0.0,340.0,27.2,-0.0,367.2,367.2,
00045,Superdental,1882,28/01/2025,08/02/2025,Superdental,-,Blvd. Agua Caliente 11988-Local 1,Agua Caliente,Tijuana,Baja California,22420,México,-,80.0,0.0,0.0,80.0,0.0,-0.0,80.0,80.0,
00044,Real Dental Tijuana,2543,28/01/2025,01/02/2025,Real Dental Tijuana,-,Ignacio Manuel Altamirano 4567,Soler,Tijuana,Baja California,22530,México,-,150.0,0.0,0.0,150.0,0.0,-0.0,150.0,150.0,
00043,Clinica Dental Tijuana,2112,28/01/2025,08/02/2025,Clinica Dental Tijuana,-,Calle Emiliano Zapata 8042,Zona Centro,Tijuana,Baja California,22000,México,-,1275.0,0.0,0.0,1275.0,102.0,-0.0,1377.0,1377.0,
00042,Clinica Dental Tijuana,2112,27/01/2025,01/02/2025,Clinica Dental Tijuana,-,Calle Emiliano Zapata 8042,Zona Centro,Tijuana,Baja California,22000,México,-,85.0,0.0,0.0,85.0,6.8,-0.0,91.8,91.8,
00041,Clinica Dental Integral,4505,27/01/2025,01/02/2025,Clinica Dental Integral,-,Blvrd Gral Rodolfo Sánchez Taboada 1600-Int. 16,Zona Urbana Rio Tijuana,Tijuana,Baja California,22010,México,-,80.0,0.0,0.0,80.0,0.0,-0.0,80.0,80.0,
00040,Clinica Dental Paleo,6153,25/01/2025,25/01/2025,Clinica Dental Paleo,-,Flores Magon 1225,Zona Centro,Tijuana,Baja California,22000,México,-,0.0,0.0,0.0,0.0,0.0,-0.0,0.0,0.0,
00030,Clinica Dental Tijuana,2112,25/01/2025,25/01/2025,Clinica Dental Tijuana,-,Calle Emiliano Zapata 8042,Zona Centro,Tijuana,Baja California,22000,México,-,85.0,0.0,0.0,85.0,6.8,-0.0,91.8,91.8,
00039,Clinica Dental Integral,4505,24/01/2025,01/02/2025,Clinica Dental Integral,-,Blvrd Gral Rodolfo Sánchez Taboada 1600-Int. 16,Zona Urbana Rio Tijuana,Tijuana,Baja California,22010,México,-,50.0,0.0,0.0,50.0,0.0,-0.0,50.0,50.0,
00038,MEDICA,2565,24/01/2025,01/02/2025,MEDICA,-,P.º Ensenada 502,Playas de Tijuana Sección Jardines,Tijuana,Baja California,22500,México,-,340.0,0.0,0.0,340.0,0.0,-0.0,340.0,340.0,
00037,Clinica Dental Paleo,6153,24/01/2025,"",Clinica Dental Paleo,-,Flores Magon 1225,Zona Centro,Tijuana,Baja California,22000,México,-,80.0,0.0,0.0,80.0,0.0,-0.0,80.0,80.0,
00036,Real Dental Tijuana,2543,23/01/2025,01/02/2025,Real Dental Tijuana,-,Ignacio Manuel Altamirano 4567,Soler,Tijuana,Baja California,22530,México,-,225.0,0.0,0.0,225.0,0.0,-0.0,225.0,225.0,
00035,Maxilo Dental,6152,23/01/2025,01/02/2025,Maxilo Dental,-,Fray Servando Teresa de Mier 1351-206,Zona Urbana Rio Tijuana,Tijuana,Baja California,22010,México,-,95.0,0.0,0.0,95.0,7.6,-0.0,102.6,102.6,
00034,Maxilo Dental,6152,23/01/2025,01/02/2025,Maxilo Dental,-,Fray Servando Teresa de Mier 1351-206,Zona Urbana Rio Tijuana,Tijuana,Baja California,22010,México,-,540.0,0.0,0.0,540.0,43.2,-0.0,583.2,583.2,
00033,Maxilo Dental,6152,23/01/2025,01/02/2025,Maxilo Dental,-,Fray Servando Teresa de Mier 1351-206,Zona Urbana Rio Tijuana,Tijuana,Baja California,22010,México,-,165.0,0.0,0.0,165.0,13.2,-0.0,178.2,178.2,
00032,Clinica Dental Integral,4505,22/01/2025,01/02/2025,Clinica Dental Integral,-,Blvrd Gral Rodolfo Sánchez Taboada 1600-Int. 16,Zona Urbana Rio Tijuana,Tijuana,Baja California,22010,México,-,240.0,0.0,0.0,240.0,0.0,-0.0,240.0,240.0,
00031,Maxilo Dental,6152,22/01/2025,25/01/2025,Maxilo Dental,-,Fray Servando Teresa de Mier 1351-206,Zona Urbana Rio Tijuana,Tijuana,Baja California,22010,México,-,1000.0,0.0,0.0,1000.0,80.0,-0.0,1080.0,1080.0,
00029,Horizon Dental Group,3297,22/01/2025,25/01/2025,Horizon Dental Group,-,C. Carrillo Puerto 1536-interior 203,Zona Centro,Tijuana,Baja California,22000,México,-,170.0,0.0,0.0,170.0,0.0,-0.0,170.0,170.0,
00028,Real Dental Tijuana,2543,22/01/2025,25/01/2025,Real Dental Tijuana,-,Ignacio Manuel Altamirano 4567,Soler,Tijuana,Baja California,22530,México,-,75.0,0.0,0.0,75.0,0.0,-0.0,75.0,75.0,
00027,Superdental,1882,22/01/2025,01/02/2025,Superdental,-,Blvd. Agua Caliente 11988-Local 1,Agua Caliente,Tijuana,Baja California,22420,México,-,85.0,0.0,0.0,85.0,0.0,-0.0,85.0,85.0,
00026,Clinica Dental Integral,4505,22/01/2025,01/02/2025,Clinica Dental Integral,-,Blvrd Gral Rodolfo Sánchez Taboada 1600-Int. 16,Zona Urbana Rio Tijuana,Tijuana,Baja California,22010,México,-,490.0,0.0,0.0,490.0,0.0,-0.0,490.0,490.0,
00025,Clinica Dental Tijuana,2112,18/01/2025,25/01/2025,Clinica Dental Tijuana,-,Calle Emiliano Zapata 8042,Zona Centro,Tijuana,Baja California,22000,México,-,85.0,0.0,0.0,85.0,6.8,-0.0,91.8,91.8,
00024,Clinica Dental Integral,4505,16/01/2025,24/01/2025,Clinica Dental Integral,-,Blvrd Gral Rodolfo Sánchez Taboada 1600-Int. 16,Zona Urbana Rio Tijuana,Tijuana,Baja California,22010,México,-,80.0,0.0,0.0,80.0,0.0,-0.0,80.0,80.0,
00023,Clinica Dental Tijuana,2112,16/01/2025,25/01/2025,Clinica Dental Tijuana,-,Calle Emiliano Zapata 8042,Zona Centro,Tijuana,Baja California,22000,México,-,255.0,0.0,0.0,255.0,20.4,-0.0,275.4,275.4,
00022,Clinica Dental Tijuana,2112,16/01/2025,25/01/2025,Clinica Dental Tijuana,-,Calle Emiliano Zapata 8042,Zona Centro,Tijuana,Baja California,22000,México,-,85.0,0.0,0.0,85.0,6.8,-0.0,91.8,91.8,
00021,Horizon Dental Group,3297,15/01/2025,14/01/2025,Horizon Dental Group,-,C. Carrillo Puerto 1536-interior 203,Zona Centro,Tijuana,Baja California,22000,México,-,85.0,0.0,0.0,85.0,0.0,-0.0,85.0,85.0,
00020,Superdental,1882,13/01/2025,"",Superdental,-,Blvd. Agua Caliente 11988-Local 1,Agua Caliente,Tijuana,Baja California,22420,México,-,75.0,0.0,0.0,75.0,0.0,-0.0,75.0,75.0,
00019,Clinica Dental Integral,4505,13/01/2025,25/01/2025,Clinica Dental Integral,-,Blvrd Gral Rodolfo Sánchez Taboada 1600-Int. 16,Zona Urbana Rio Tijuana,Tijuana,Baja California,22010,México,-,80.0,0.0,0.0,80.0,0.0,-0.0,80.0,80.0,
00018,Dr. Sergio Duarte,1979,13/01/2025,"",Dr. Sergio Duarte,-,Pastor Ramos 350,Empleados Federales,Tijuana,Baja California,22010,México,-,85.0,0.0,0.0,85.0,0.0,-0.0,85.0,85.0,
00017,Superdental,1882,13/01/2025,"",Superdental,-,Blvd. Agua Caliente 11988-Local 1,Agua Caliente,Tijuana,Baja California,22420,México,-,75.0,0.0,0.0,75.0,0.0,-0.0,75.0,75.0,
00016,Dr. Sergio Duarte,1979,13/01/2025,"",Dr. Sergio Duarte,-,Pastor Ramos 350,Empleados Federales,Tijuana,Baja California,22010,México,-,40.0,0.0,0.0,40.0,0.0,-0.0,40.0,40.0,
00015,Dr. Sergio Duarte,1979,13/01/2025,"",Dr. Sergio Duarte,-,Pastor Ramos 350,Empleados Federales,Tijuana,Baja California,22010,México,-,40.0,0.0,0.0,40.0,0.0,-0.0,40.0,40.0,
00014,Dentofacial Group,4782,13/01/2025,"",Dentofacial Group,-,Av. Mutualismo 931-A,Zona Centro,Tijuana,Baja California,22000,México,-,50.0,0.0,0.0,50.0,0.0,-0.0,50.0,50.0,
00013,MEDICA,2565,11/01/2025,11/01/2025,MEDICA,-,P.º Ensenada 502,Playas de Tijuana Sección Jardines,Tijuana,Baja California,22500,México,-,85.0,0.0,0.0,85.0,0.0,-0.0,85.0,85.0,
00012,MEDICA,2565,11/01/2025,11/01/2025,MEDICA,-,P.º Ensenada 502,Playas de Tijuana Sección Jardines,Tijuana,Baja California,22500,México,-,90.0,0.0,0.0,90.0,0.0,-0.0,90.0,90.0,
00011,Real Dental Tijuana,2543,10/01/2025,"",Real Dental Tijuana,-,Ignacio Manuel Altamirano 4567,Soler,Tijuana,Baja California,22530,México,-,80.0,0.0,0.0,80.0,0.0,-0.0,80.0,80.0,
00010,Clinica Dental Tijuana,2112,10/01/2025,18/01/2025,Clinica Dental Tijuana,-,Calle Emiliano Zapata 8042,Zona Centro,Tijuana,Baja California,22000,México,-,255.0,0.0,0.0,255.0,20.4,-0.0,275.4,275.4,
00009,Clinica Dental Tijuana,2112,10/01/2025,18/01/2025,Clinica Dental Tijuana,-,Calle Emiliano Zapata 8042,Zona Centro,Tijuana,Baja California,22000,México,-,255.0,0.0,0.0,255.0,20.4,-0.0,275.4,275.4,
00008,Clinica Dental Tijuana,2112,10/01/2025,18/01/2025,Clinica Dental Tijuana,-,Calle Emiliano Zapata 8042,Zona Centro,Tijuana,Baja California,22000,México,-,180.0,0.0,0.0,180.0,14.4,-0.0,194.4,194.4,
00007,Clinica Dental Tijuana,2112,10/01/2025,18/01/2025,Clinica Dental Tijuana,-,Calle Emiliano Zapata 8042,Zona Centro,Tijuana,Baja California,22000,México,-,85.0,0.0,0.0,85.0,6.8,-0.0,91.8,91.8,
00006,Real Dental Tijuana,2543,08/01/2025,"",Real Dental Tijuana,-,Ignacio Manuel Altamirano 4567,Soler,Tijuana,Baja California,22530,México,-,10.0,0.0,100.0,0.0,0.0,-0.0,0.0,0.0,
00005,Maxilo Dental,6152,08/01/2025,18/01/2025,Maxilo Dental,-,Fray Servando Teresa de Mier 1351-206,Zona Urbana Rio Tijuana,Tijuana,Baja California,22010,México,-,175.0,0.0,0.0,175.0,0.0,-0.0,175.0,175.0,
00004,Maxilo Dental,6152,08/01/2025,"",Maxilo Dental,-,Fray Servando Teresa de Mier 1351-206,Zona Urbana Rio Tijuana,Tijuana,Baja California,22010,México,-,420.0,0.0,0.0,420.0,33.6,-0.0,453.6,453.6,
00003,Real Dental Tijuana,2543,04/01/2025,"",Real Dental Tijuana,-,Ignacio Manuel Altamirano 4567,Soler,Tijuana,Baja California,22530,México,-,75.0,0.0,20.0,60.0,0.0,-0.0,60.0,60.0,
00002,Real Dental Tijuana,2543,04/01/2025,"",Real Dental Tijuana,-,Ignacio Manuel Altamirano 4567,Soler,Tijuana,Baja California,22530,México,-,75.0,0.0,0.0,75.0,0.0,-0.0,75.0,75.0,
00001,Horizon Dental Group,3297,04/01/2025,11/01/2025,Horizon Dental Group,-,C. Carrillo Puerto 1536-interior 203,Zona Centro,Tijuana,Baja California,22000,México,-,255.0,0.0,0.0,255.0,0.0,-0.0,255.0,255.0,
